origin,destination,value
1,2,23
1,3,38
1,4,6
1,5,63
1,6,33
1,7,41
1,8,80
1,9,6
1,10,37
1,11,23
1,12,35
1,13,18
1,14,50
1,15,49
1,16,30
1,17,44
1,18,27
1,19,38
1,20,87
1,21,80
1,22,92
1,23,61
1,24,87
1,25,84
1,26,68
1,27,42
1,28,13
1,29,83
1,30,92
1,31,23
1,32,13
1,33,19
1,34,91
1,35,71
1,36,93
1,37,8
1,38,77
1,39,66
1,40,38
1,41,79
1,42,30
1,43,57
1,44,73
1,45,78
1,46,32
1,47,68
1,48,96
1,49,61
1,50,51
1,51,9
1,52,71
1,53,12
1,54,45
1,55,32
1,56,29
1,57,49
1,58,10
1,59,33
1,60,35
1,61,76
1,62,8
1,63,40
1,64,73
1,65,19
1,66,60
1,67,25
1,68,7
1,69,55
1,70,47
1,71,47
1,72,98
1,73,74
1,74,36
1,75,11
1,76,47
1,77,76
1,78,85
1,79,54
1,80,62
1,81,19
1,82,66
1,83,44
1,84,69
1,85,15
1,86,63
1,87,34
1,88,62
1,89,4
1,90,63
1,91,37
1,92,13
1,93,23
1,94,29
1,95,1
1,96,12
1,97,85
1,98,52
1,99,24
1,100,17
2,1,14
2,3,36
2,4,63
2,5,62
2,6,1
2,7,33
2,8,91
2,9,57
2,10,41
2,11,13
2,12,64
2,13,2
2,14,46
2,15,16
2,16,97
2,17,34
2,18,84
2,19,14
2,20,66
2,21,28
2,22,94
2,23,79
2,24,86
2,25,51
2,26,58
2,27,40
2,28,12
2,29,92
2,30,94
2,31,21
2,32,2
2,33,9
2,34,59
2,35,7
2,36,94
2,37,60
2,38,67
2,39,85
2,40,95
2,41,45
2,42,40
2,43,58
2,44,37
2,45,33
2,46,42
2,47,16
2,48,95
2,49,78
2,50,85
2,51,56
2,52,75
2,53,84
2,54,46
2,55,84
2,56,4
2,57,96
2,58,29
2,59,68
2,60,28
2,61,77
2,62,86
2,63,22
2,64,90
2,65,28
2,66,52
2,67,13
2,68,55
2,69,58
2,70,89
2,71,85
2,72,67
2,73,59
2,74,86
2,75,37
2,76,32
2,77,84
2,78,61
2,79,37
2,80,3
2,81,17
2,82,64
2,83,98
2,84,37
2,85,98
2,86,76
2,87,100
2,88,11
2,89,78
2,90,80
2,91,40
2,92,99
2,93,69
2,94,61
2,95,80
2,96,45
2,97,75
2,98,19
2,99,28
2,100,90
3,1,73
3,2,35
3,4,63
3,5,86
3,6,14
3,7,50
3,8,69
3,9,99
3,10,70
3,11,75
3,12,72
3,13,7
3,14,30
3,15,94
3,16,52
3,17,57
3,18,52
3,19,85
3,20,74
3,21,69
3,22,25
3,23,7
3,24,31
3,25,30
3,26,31
3,27,77
3,28,33
3,29,94
3,30,13
3,31,64
3,32,94
3,33,8
3,34,64
3,35,39
3,36,76
3,37,63
3,38,89
3,39,27
3,40,16
3,41,99
3,42,24
3,43,57
3,44,12
3,45,45
3,46,21
3,47,71
3,48,62
3,49,9
3,50,81
3,51,48
3,52,11
3,53,83
3,54,39
3,55,43
3,56,2
3,57,74
3,58,99
3,59,74
3,60,1
3,61,20
3,62,86
3,63,7
3,64,81
3,65,80
3,66,7
3,67,41
3,68,65
3,69,6
3,70,7
3,71,41
3,72,50
3,73,93
3,74,4
3,75,77
3,76,6
3,77,75
3,78,59
3,79,57
3,80,90
3,81,3
3,82,19
3,83,40
3,84,27
3,85,14
3,86,89
3,87,64
3,88,16
3,89,71
3,90,57
3,91,71
3,92,6
3,93,46
3,94,77
3,95,69
3,96,17
3,97,89
3,98,55
3,99,71
3,100,32
4,1,31
4,2,95
4,3,51
4,5,76
4,6,3
4,7,55
4,8,47
4,9,60
4,10,28
4,11,47
4,12,40
4,13,74
4,14,38
4,15,29
4,16,5
4,17,31
4,18,47
4,19,78
4,20,72
4,21,63
4,22,23
4,23,33
4,24,24
4,25,93
4,26,76
4,27,71
4,28,76
4,29,69
4,30,2
4,31,76
4,32,31
4,33,6
4,34,57
4,35,88
4,36,6
4,37,30
4,38,78
4,39,10
4,40,51
4,41,2
4,42,7
4,43,31
4,44,99
4,45,40
4,46,92
4,47,77
4,48,30
4,49,66
4,50,57
4,51,61
4,52,31
4,53,61
4,54,94
4,55,26
4,56,100
4,57,84
4,58,20
4,59,73
4,60,93
4,61,77
4,62,95
4,63,5
4,64,39
4,65,91
4,66,82
4,67,88
4,68,73
4,69,51
4,70,41
4,71,29
4,72,70
4,73,11
4,74,40
4,75,40
4,76,10
4,77,22
4,78,22
4,79,8
4,80,85
4,81,78
4,82,18
4,83,88
4,84,56
4,85,42
4,86,44
4,87,34
4,88,18
4,89,95
4,90,67
4,91,47
4,92,68
4,93,91
4,94,84
4,95,94
4,96,93
4,97,78
4,98,18
4,99,82
4,100,77
5,1,54
5,2,73
5,3,30
5,4,78
5,6,45
5,7,58
5,8,40
5,9,44
5,10,72
5,11,73
5,12,81
5,13,17
5,14,4
5,15,46
5,16,81
5,17,38
5,18,43
5,19,44
5,20,3
5,21,34
5,22,3
5,23,58
5,24,24
5,25,21
5,26,30
5,27,66
5,28,16
5,29,83
5,30,30
5,31,76
5,32,45
5,33,92
5,34,73
5,35,2
5,36,81
5,37,46
5,38,53
5,39,33
5,40,50
5,41,9
5,42,34
5,43,79
5,44,52
5,45,39
5,46,81
5,47,55
5,48,50
5,49,30
5,50,4
5,51,63
5,52,10
5,53,70
5,54,63
5,55,91
5,56,61
5,57,1
5,58,94
5,59,30
5,60,87
5,61,36
5,62,67
5,63,60
5,64,22
5,65,32
5,66,9
5,67,11
5,68,94
5,69,30
5,70,59
5,71,20
5,72,40
5,73,8
5,74,62
5,75,78
5,76,85
5,77,53
5,78,66
5,79,82
5,80,98
5,81,21
5,82,83
5,83,49
5,84,69
5,85,90
5,86,73
5,87,90
5,88,43
5,89,29
5,90,9
5,91,25
5,92,6
5,93,36
5,94,47
5,95,97
5,96,83
5,97,95
5,98,65
5,99,79
5,100,45
6,1,2
6,2,98
6,3,83
6,4,10
6,5,48
6,7,100
6,8,43
6,9,28
6,10,76
6,11,40
6,12,51
6,13,87
6,14,34
6,15,41
6,16,71
6,17,41
6,18,47
6,19,60
6,20,74
6,21,58
6,22,53
6,23,1
6,24,38
6,25,99
6,26,2
6,27,14
6,28,88
6,29,3
6,30,10
6,31,52
6,32,89
6,33,28
6,34,13
6,35,44
6,36,98
6,37,20
6,38,88
6,39,29
6,40,46
6,41,55
6,42,40
6,43,60
6,44,61
6,45,63
6,46,15
6,47,40
6,48,82
6,49,82
6,50,73
6,51,24
6,52,28
6,53,9
6,54,83
6,55,21
6,56,54
6,57,34
6,58,80
6,59,19
6,60,22
6,61,55
6,62,61
6,63,17
6,64,45
6,65,100
6,66,9
6,67,95
6,68,11
6,69,67
6,70,15
6,71,97
6,72,3
6,73,92
6,74,94
6,75,80
6,76,100
6,77,92
6,78,67
6,79,96
6,80,62
6,81,69
6,82,84
6,83,2
6,84,32
6,85,52
6,86,56
6,87,67
6,88,37
6,89,8
6,90,64
6,91,39
6,92,4
6,93,56
6,94,87
6,95,75
6,96,52
6,97,31
6,98,54
6,99,73
6,100,61
7,1,50
7,2,70
7,3,80
7,4,19
7,5,94
7,6,16
7,8,70
7,9,12
7,10,25
7,11,63
7,12,46
7,13,46
7,14,69
7,15,96
7,16,32
7,17,86
7,18,6
7,19,34
7,20,76
7,21,99
7,22,1
7,23,8
7,24,38
7,25,41
7,26,63
7,27,40
7,28,69
7,29,98
7,30,87
7,31,68
7,32,55
7,33,78
7,34,78
7,35,50
7,36,55
7,37,71
7,38,9
7,39,60
7,40,50
7,41,88
7,42,14
7,43,68
7,44,23
7,45,53
7,46,75
7,47,13
7,48,66
7,49,77
7,50,66
7,51,73
7,52,35
7,53,14
7,54,80
7,55,78
7,56,65
7,57,17
7,58,8
7,59,61
7,60,48
7,61,81
7,62,89
7,63,6
7,64,59
7,65,90
7,66,83
7,67,61
7,68,9
7,69,34
7,70,22
7,71,90
7,72,82
7,73,49
7,74,6
7,75,89
7,76,13
7,77,95
7,78,15
7,79,93
7,80,91
7,81,40
7,82,84
7,83,16
7,84,61
7,85,90
7,86,53
7,87,39
7,88,92
7,89,22
7,90,2
7,91,98
7,92,48
7,93,38
7,94,58
7,95,69
7,96,94
7,97,49
7,98,69
7,99,71
7,100,50
8,1,49
8,2,96
8,3,43
8,4,15
8,5,53
8,6,43
8,7,19
8,9,27
8,10,15
8,11,9
8,12,66
8,13,78
8,14,74
8,15,22
8,16,57
8,17,87
8,18,73
8,19,5
8,20,94
8,21,73
8,22,39
8,23,39
8,24,18
8,25,10
8,26,4
8,27,18
8,28,5
8,29,25
8,30,68
8,31,76
8,32,51
8,33,12
8,34,5
8,35,99
8,36,86
8,37,82
8,38,77
8,39,10
8,40,60
8,41,2
8,42,90
8,43,10
8,44,75
8,45,88
8,46,84
8,47,97
8,48,92
8,49,49
8,50,19
8,51,21
8,52,16
8,53,37
8,54,52
8,55,62
8,56,77
8,57,27
8,58,98
8,59,55
8,60,54
8,61,91
8,62,84
8,63,59
8,64,10
8,65,76
8,66,64
8,67,15
8,68,24
8,69,9
8,70,76
8,71,27
8,72,47
8,73,57
8,74,36
8,75,68
8,76,66
8,77,98
8,78,15
8,79,3
8,80,44
8,81,10
8,82,97
8,83,18
8,84,49
8,85,56
8,86,61
8,87,75
8,88,21
8,89,55
8,90,56
8,91,63
8,92,88
8,93,64
8,94,26
8,95,94
8,96,93
8,97,89
8,98,89
8,99,74
8,100,75
9,1,97
9,2,15
9,3,84
9,4,60
9,5,64
9,6,45
9,7,80
9,8,30
9,10,53
9,11,55
9,12,79
9,13,88
9,14,35
9,15,75
9,16,15
9,17,11
9,18,98
9,19,5
9,20,18
9,21,65
9,22,54
9,23,90
9,24,8
9,25,73
9,26,76
9,27,73
9,28,47
9,29,5
9,30,8
9,31,83
9,32,42
9,33,87
9,34,28
9,35,10
9,36,19
9,37,97
9,38,63
9,39,61
9,40,79
9,41,25
9,42,4
9,43,68
9,44,63
9,45,99
9,46,72
9,47,49
9,48,18
9,49,27
9,50,21
9,51,5
9,52,41
9,53,66
9,54,36
9,55,94
9,56,76
9,57,7
9,58,37
9,59,2
9,60,78
9,61,31
9,62,84
9,63,79
9,64,62
9,65,31
9,66,20
9,67,60
9,68,2
9,69,19
9,70,36
9,71,23
9,72,31
9,73,74
9,74,5
9,75,31
9,76,66
9,77,98
9,78,34
9,79,61
9,80,90
9,81,64
9,82,6
9,83,32
9,84,72
9,85,25
9,86,9
9,87,81
9,88,10
9,89,93
9,90,7
9,91,69
9,92,66
9,93,33
9,94,57
9,95,89
9,96,81
9,97,21
9,98,59
9,99,96
9,100,28
10,1,48
10,2,7
10,3,32
10,4,25
10,5,70
10,6,5
10,7,74
10,8,12
10,9,98
10,11,37
10,12,56
10,13,12
10,14,16
10,15,50
10,16,90
10,17,36
10,18,51
10,19,10
10,20,35
10,21,63
10,22,68
10,23,65
10,24,3
10,25,52
10,26,22
10,27,34
10,28,95
10,29,22
10,30,12
10,31,12
10,32,6
10,33,54
10,34,91
10,35,12
10,36,44
10,37,3
10,38,18
10,39,11
10,40,54
10,41,99
10,42,28
10,43,90
10,44,99
10,45,19
10,46,93
10,47,85
10,48,4
10,49,85
10,50,73
10,51,94
10,52,32
10,53,11
10,54,2
10,55,1
10,56,12
10,57,25
10,58,34
10,59,55
10,60,23
10,61,32
10,62,57
10,63,13
10,64,60
10,65,30
10,66,93
10,67,50
10,68,76
10,69,28
10,70,18
10,71,20
10,72,3
10,73,58
10,74,28
10,75,84
10,76,30
10,77,73
10,78,100
10,79,80
10,80,77
10,81,63
10,82,1
10,83,25
10,84,37
10,85,65
10,86,69
10,87,60
10,88,4
10,89,97
10,90,91
10,91,84
10,92,78
10,93,22
10,94,47
10,95,67
10,96,10
10,97,22
10,98,93
10,99,23
10,100,85
11,1,54
11,2,64
11,3,48
11,4,69
11,5,99
11,6,52
11,7,48
11,8,11
11,9,91
11,10,32
11,12,28
11,13,1
11,14,3
11,15,100
11,16,58
11,17,37
11,18,99
11,19,59
11,20,56
11,21,47
11,22,2
11,23,36
11,24,74
11,25,66
11,26,43
11,27,11
11,28,73
11,29,85
11,30,55
11,31,20
11,32,43
11,33,2
11,34,95
11,35,61
11,36,5
11,37,82
11,38,65
11,39,48
11,40,82
11,41,64
11,42,59
11,43,6
11,44,67
11,45,43
11,46,32
11,47,22
11,48,46
11,49,2
11,50,30
11,51,65
11,52,33
11,53,38
11,54,6
11,55,68
11,56,54
11,57,97
11,58,54
11,59,15
11,60,93
11,61,82
11,62,89
11,63,23
11,64,83
11,65,74
11,66,23
11,67,46
11,68,17
11,69,94
11,70,19
11,71,94
11,72,85
11,73,22
11,74,81
11,75,46
11,76,46
11,77,42
11,78,5
11,79,17
11,80,16
11,81,10
11,82,82
11,83,5
11,84,30
11,85,72
11,86,88
11,87,40
11,88,56
11,89,63
11,90,13
11,91,53
11,92,10
11,93,4
11,94,38
11,95,56
11,96,6
11,97,34
11,98,69
11,99,28
11,100,33
12,1,14
12,2,92
12,3,52
12,4,57
12,5,89
12,6,56
12,7,49
12,8,63
12,9,22
12,10,55
12,11,72
12,13,83
12,14,20
12,15,94
12,16,68
12,17,58
12,18,32
12,19,73
12,20,65
12,21,77
12,22,8
12,23,67
12,24,61
12,25,45
12,26,2
12,27,31
12,28,58
12,29,77
12,30,40
12,31,49
12,32,91
12,33,79
12,34,23
12,35,31
12,36,36
12,37,16
12,38,47
12,39,98
12,40,67
12,41,66
12,42,91
12,43,87
12,44,70
12,45,23
12,46,41
12,47,73
12,48,71
12,49,59
12,50,26
12,51,83
12,52,28
12,53,61
12,54,16
12,55,69
12,56,93
12,57,6
12,58,25
12,59,20
12,60,11
12,61,40
12,62,98
12,63,81
12,64,25
12,65,76
12,66,69
12,67,29
12,68,15
12,69,52
12,70,78
12,71,36
12,72,64
12,73,19
12,74,65
12,75,93
12,76,88
12,77,28
12,78,5
12,79,47
12,80,47
12,81,90
12,82,11
12,83,25
12,84,98
12,85,52
12,86,85
12,87,9
12,88,59
12,89,59
12,90,25
12,91,13
12,92,40
12,93,56
12,94,94
12,95,14
12,96,73
12,97,90
12,98,14
12,99,50
12,100,50
13,1,4
13,2,100
13,3,31
13,4,57
13,5,82
13,6,26
13,7,8
13,8,78
13,9,56
13,10,58
13,11,83
13,12,90
13,14,4
13,15,83
13,16,70
13,17,39
13,18,78
13,19,67
13,20,55
13,21,60
13,22,52
13,23,62
13,24,14
13,25,17
13,26,62
13,27,63
13,28,85
13,29,5
13,30,59
13,31,43
13,32,35
13,33,72
13,34,43
13,35,64
13,36,17
13,37,100
13,38,62
13,39,11
13,40,38
13,41,47
13,42,50
13,43,58
13,44,10
13,45,49
13,46,33
13,47,53
13,48,33
13,49,91
13,50,55
13,51,52
13,52,90
13,53,10
13,54,31
13,55,60
13,56,6
13,57,10
13,58,41
13,59,49
13,60,25
13,61,88
13,62,18
13,63,27
13,64,9
13,65,45
13,66,71
13,67,62
13,68,59
13,69,20
13,70,61
13,71,86
13,72,73
13,73,39
13,74,61
13,75,48
13,76,34
13,77,10
13,78,42
13,79,25
13,80,88
13,81,73
13,82,3
13,83,21
13,84,35
13,85,52
13,86,94
13,87,100
13,88,16
13,89,68
13,90,46
13,91,35
13,92,57
13,93,3
13,94,8
13,95,71
13,96,11
13,97,21
13,98,52
13,99,46
13,100,77
14,1,31
14,2,98
14,3,81
14,4,22
14,5,71
14,6,63
14,7,75
14,8,81
14,9,22
14,10,57
14,11,56
14,12,49
14,13,22
14,15,8
14,16,59
14,17,2
14,18,85
14,19,4
14,20,66
14,21,84
14,22,80
14,23,46
14,24,47
14,25,67
14,26,66
14,27,14
14,28,95
14,29,78
14,30,45
14,31,68
14,32,34
14,33,12
14,34,78
14,35,63
14,36,74
14,37,51
14,38,16
14,39,93
14,40,44
14,41,19
14,42,87
14,43,19
14,44,25
14,45,88
14,46,83
14,47,65
14,48,63
14,49,62
14,50,41
14,51,18
14,52,12
14,53,10
14,54,54
14,55,56
14,56,55
14,57,35
14,58,29
14,59,99
14,60,61
14,61,61
14,62,3
14,63,72
14,64,15
14,65,35
14,66,82
14,67,64
14,68,5
14,69,68
14,70,64
14,71,52
14,72,43
14,73,39
14,74,35
14,75,55
14,76,99
14,77,27
14,78,87
14,79,81
14,80,59
14,81,80
14,82,5
14,83,21
14,84,94
14,85,71
14,86,46
14,87,22
14,88,82
14,89,62
14,90,44
14,91,84
14,92,67
14,93,8
14,94,73
14,95,62
14,96,35
14,97,15
14,98,98
14,99,66
14,100,58
15,1,64
15,2,73
15,3,2
15,4,16
15,5,91
15,6,30
15,7,44
15,8,39
15,9,87
15,10,29
15,11,91
15,12,87
15,13,26
15,14,17
15,16,80
15,17,29
15,18,20
15,19,44
15,20,58
15,21,94
15,22,22
15,23,69
15,24,95
15,25,24
15,26,56
15,27,48
15,28,11
15,29,68
15,30,2
15,31,93
15,32,25
15,33,72
15,34,35
15,35,74
15,36,19
15,37,40
15,38,73
15,39,99
15,40,14
15,41,58
15,42,12
15,43,56
15,44,78
15,45,42
15,46,10
15,47,20
15,48,70
15,49,43
15,50,71
15,51,14
15,52,23
15,53,43
15,54,89
15,55,69
15,56,13
15,57,34
15,58,42
15,59,94
15,60,38
15,61,30
15,62,41
15,63,95
15,64,66
15,65,14
15,66,90
15,67,76
15,68,91
15,69,91
15,70,88
15,71,57
15,72,79
15,73,91
15,74,67
15,75,89
15,76,92
15,77,98
15,78,26
15,79,68
15,80,61
15,81,29
15,82,95
15,83,81
15,84,71
15,85,57
15,86,74
15,87,82
15,88,40
15,89,4
15,90,30
15,91,30
15,92,22
15,93,2
15,94,43
15,95,26
15,96,34
15,97,54
15,98,86
15,99,2
15,100,92
16,1,81
16,2,81
16,3,88
16,4,89
16,5,10
16,6,85
16,7,13
16,8,24
16,9,24
16,10,52
16,11,41
16,12,53
16,13,76
16,14,47
16,15,34
16,17,49
16,18,94
16,19,68
16,20,3
16,21,6
16,22,11
16,23,48
16,24,30
16,25,4
16,26,85
16,27,30
16,28,53
16,29,20
16,30,26
16,31,33
16,32,41
16,33,26
16,34,50
16,35,72
16,36,87
16,37,88
16,38,80
16,39,38
16,40,7
16,41,36
16,42,7
16,43,31
16,44,45
16,45,57
16,46,53
16,47,17
16,48,81
16,49,59
16,50,6
16,51,56
16,52,16
16,53,57
16,54,74
16,55,21
16,56,15
16,57,87
16,58,71
16,59,27
16,60,41
16,61,60
16,62,25
16,63,21
16,64,19
16,65,85
16,66,18
16,67,44
16,68,98
16,69,3
16,70,61
16,71,13
16,72,81
16,73,47
16,74,94
16,75,53
16,76,34
16,77,16
16,78,96
16,79,96
16,80,89
16,81,42
16,82,5
16,83,87
16,84,40
16,85,42
16,86,64
16,87,62
16,88,11
16,89,49
16,90,90
16,91,94
16,92,43
16,93,18
16,94,13
16,95,25
16,96,12
16,97,14
16,98,79
16,99,23
16,100,65
17,1,44
17,2,66
17,3,89
17,4,15
17,5,59
17,6,57
17,7,22
17,8,53
17,9,86
17,10,9
17,11,45
17,12,77
17,13,56
17,14,25
17,15,4
17,16,2
17,18,48
17,19,44
17,20,92
17,21,74
17,22,59
17,23,53
17,24,70
17,25,71
17,26,56
17,27,74
17,28,37
17,29,99
17,30,53
17,31,61
17,32,85
17,33,7
17,34,30
17,35,44
17,36,98
17,37,21
17,38,85
17,39,1
17,40,96
17,41,35
17,42,83
17,43,31
17,44,19
17,45,51
17,46,77
17,47,36
17,48,39
17,49,8
17,50,90
17,51,57
17,52,96
17,53,37
17,54,57
17,55,48
17,56,63
17,57,44
17,58,62
17,59,68
17,60,92
17,61,84
17,62,27
17,63,37
17,64,11
17,65,3
17,66,50
17,67,34
17,68,8
17,69,60
17,70,4
17,71,12
17,72,93
17,73,66
17,74,27
17,75,75
17,76,70
17,77,10
17,78,40
17,79,38
17,80,89
17,81,91
17,82,18
17,83,99
17,84,29
17,85,84
17,86,47
17,87,61
17,88,87
17,89,92
17,90,26
17,91,27
17,92,63
17,93,63
17,94,16
17,95,67
17,96,85
17,97,11
17,98,37
17,99,50
17,100,64
18,1,50
18,2,41
18,3,79
18,4,98
18,5,28
18,6,57
18,7,82
18,8,13
18,9,17
18,10,77
18,11,56
18,12,84
18,13,62
18,14,69
18,15,33
18,16,54
18,17,85
18,19,15
18,20,52
18,21,23
18,22,34
18,23,100
18,24,78
18,25,6
18,26,41
18,27,46
18,28,34
18,29,92
18,30,42
18,31,51
18,32,26
18,33,90
18,34,16
18,35,23
18,36,74
18,37,27
18,38,28
18,39,37
18,40,87
18,41,69
18,42,29
18,43,4
18,44,66
18,45,88
18,46,74
18,47,90
18,48,86
18,49,92
18,50,81
18,51,35
18,52,34
18,53,62
18,54,7
18,55,34
18,56,10
18,57,79
18,58,34
18,59,75
18,60,60
18,61,40
18,62,97
18,63,31
18,64,30
18,65,31
18,66,22
18,67,40
18,68,8
18,69,71
18,70,86
18,71,37
18,72,56
18,73,21
18,74,26
18,75,75
18,76,56
18,77,40
18,78,97
18,79,86
18,80,99
18,81,51
18,82,7
18,83,83
18,84,96
18,85,66
18,86,33
18,87,72
18,88,17
18,89,26
18,90,73
18,91,90
18,92,62
18,93,50
18,94,45
18,95,56
18,96,7
18,97,88
18,98,19
18,99,27
18,100,37
19,1,51
19,2,4
19,3,43
19,4,59
19,5,61
19,6,64
19,7,18
19,8,49
19,9,2
19,10,88
19,11,88
19,12,57
19,13,89
19,14,97
19,15,40
19,16,70
19,17,89
19,18,86
19,20,35
19,21,66
19,22,73
19,23,21
19,24,73
19,25,31
19,26,51
19,27,27
19,28,49
19,29,67
19,30,18
19,31,62
19,32,63
19,33,39
19,34,21
19,35,82
19,36,88
19,37,37
19,38,47
19,39,44
19,40,51
19,41,34
19,42,68
19,43,22
19,44,23
19,45,64
19,46,38
19,47,72
19,48,60
19,49,13
19,50,46
19,51,71
19,52,56
19,53,59
19,54,35
19,55,65
19,56,30
19,57,94
19,58,5
19,59,92
19,60,88
19,61,47
19,62,43
19,63,95
19,64,1
19,65,2
19,66,5
19,67,42
19,68,73
19,69,41
19,70,70
19,71,100
19,72,80
19,73,76
19,74,80
19,75,57
19,76,87
19,77,6
19,78,14
19,79,26
19,80,72
19,81,19
19,82,13
19,83,79
19,84,41
19,85,84
19,86,29
19,87,57
19,88,79
19,89,32
19,90,53
19,91,41
19,92,82
19,93,6
19,94,2
19,95,96
19,96,36
19,97,2
19,98,91
19,99,52
19,100,23
20,1,70
20,2,70
20,3,30
20,4,27
20,5,46
20,6,35
20,7,82
20,8,52
20,9,77
20,10,6
20,11,45
20,12,100
20,13,8
20,14,69
20,15,45
20,16,6
20,17,77
20,18,91
20,19,96
20,21,21
20,22,38
20,23,2
20,24,18
20,25,3
20,26,78
20,27,42
20,28,95
20,29,34
20,30,48
20,31,66
20,32,9
20,33,11
20,34,16
20,35,62
20,36,27
20,37,81
20,38,70
20,39,57
20,40,98
20,41,86
20,42,59
20,43,66
20,44,28
20,45,25
20,46,63
20,47,20
20,48,63
20,49,58
20,50,17
20,51,72
20,52,19
20,53,46
20,54,75
20,55,15
20,56,68
20,57,91
20,58,47
20,59,94
20,60,63
20,61,27
20,62,48
20,63,68
20,64,72
20,65,80
20,66,72
20,67,85
20,68,76
20,69,21
20,70,38
20,71,43
20,72,9
20,73,19
20,74,56
20,75,62
20,76,19
20,77,22
20,78,42
20,79,72
20,80,74
20,81,69
20,82,80
20,83,27
20,84,99
20,85,75
20,86,26
20,87,83
20,88,98
20,89,47
20,90,95
20,91,48
20,92,75
20,93,60
20,94,92
20,95,5
20,96,62
20,97,79
20,98,43
20,99,27
20,100,77
21,1,69
21,2,39
21,3,20
21,4,22
21,5,70
21,6,83
21,7,100
21,8,38
21,9,38
21,10,92
21,11,39
21,12,29
21,13,48
21,14,83
21,15,25
21,16,10
21,17,77
21,18,53
21,19,74
21,20,37
21,22,59
21,23,98
21,24,14
21,25,15
21,26,80
21,27,98
21,28,10
21,29,93
21,30,35
21,31,24
21,32,39
21,33,51
21,34,54
21,35,22
21,36,82
21,37,59
21,38,79
21,39,28
21,40,23
21,41,30
21,42,78
21,43,86
21,44,37
21,45,67
21,46,18
21,47,67
21,48,48
21,49,76
21,50,22
21,51,16
21,52,81
21,53,73
21,54,59
21,55,35
21,56,39
21,57,61
21,58,38
21,59,90
21,60,49
21,61,18
21,62,4
21,63,38
21,64,6
21,65,3
21,66,12
21,67,92
21,68,38
21,69,87
21,70,19
21,71,14
21,72,78
21,73,6
21,74,29
21,75,6
21,76,63
21,77,86
21,78,56
21,79,78
21,80,11
21,81,92
21,82,68
21,83,61
21,84,13
21,85,69
21,86,26
21,87,89
21,88,80
21,89,42
21,90,94
21,91,69
21,92,6
21,93,59
21,94,67
21,95,72
21,96,65
21,97,74
21,98,14
21,99,29
21,100,21
22,1,91
22,2,82
22,3,22
22,4,78
22,5,77
22,6,17
22,7,49
22,8,50
22,9,84
22,10,83
22,11,80
22,12,95
22,13,36
22,14,85
22,15,9
22,16,96
22,17,4
22,18,26
22,19,31
22,20,34
22,21,5
22,23,48
22,24,43
22,25,25
22,26,80
22,27,24
22,28,56
22,29,24
22,30,95
22,31,13
22,32,74
22,33,30
22,34,2
22,35,44
22,36,91
22,37,98
22,38,78
22,39,36
22,40,24
22,41,52
22,42,69
22,43,85
22,44,52
22,45,17
22,46,27
22,47,44
22,48,44
22,49,8
22,50,95
22,51,44
22,52,31
22,53,61
22,54,64
22,55,1
22,56,59
22,57,9
22,58,88
22,59,81
22,60,63
22,61,34
22,62,43
22,63,65
22,64,41
22,65,65
22,66,46
22,67,64
22,68,48
22,69,16
22,70,33
22,71,60
22,72,11
22,73,9
22,74,49
22,75,11
22,76,61
22,77,33
22,78,41
22,79,76
22,80,17
22,81,53
22,82,11
22,83,21
22,84,88
22,85,34
22,86,3
22,87,46
22,88,51
22,89,20
22,90,45
22,91,74
22,92,85
22,93,20
22,94,65
22,95,45
22,96,62
22,97,81
22,98,35
22,99,98
22,100,87
23,1,35
23,2,17
23,3,45
23,4,18
23,5,32
23,6,51
23,7,64
23,8,23
23,9,76
23,10,100
23,11,50
23,12,3
23,13,19
23,14,43
23,15,90
23,16,70
23,17,98
23,18,58
23,19,83
23,20,65
23,21,19
23,22,47
23,24,28
23,25,53
23,26,75
23,27,41
23,28,54
23,29,71
23,30,80
23,31,81
23,32,6
23,33,14
23,34,60
23,35,95
23,36,16
23,37,1
23,38,48
23,39,80
23,40,21
23,41,3
23,42,88
23,43,34
23,44,19
23,45,16
23,46,65
23,47,2
23,48,93
23,49,81
23,50,90
23,51,60
23,52,98
23,53,22
23,54,35
23,55,69
23,56,34
23,57,90
23,58,39
23,59,10
23,60,84
23,61,59
23,62,10
23,63,67
23,64,66
23,65,80
23,66,69
23,67,53
23,68,85
23,69,71
23,70,97
23,71,88
23,72,32
23,73,72
23,74,9
23,75,60
23,76,25
23,77,78
23,78,89
23,79,29
23,80,13
23,81,39
23,82,27
23,83,43
23,84,50
23,85,99
23,86,67
23,87,78
23,88,11
23,89,47
23,90,59
23,91,40
23,92,6
23,93,59
23,94,49
23,95,9
23,96,82
23,97,58
23,98,83
23,99,35
23,100,96
24,1,30
24,2,96
24,3,79
24,4,13
24,5,63
24,6,68
24,7,5
24,8,1
24,9,23
24,10,77
24,11,64
24,12,99
24,13,77
24,14,53
24,15,31
24,16,10
24,17,30
24,18,68
24,19,10
24,20,75
24,21,79
24,22,39
24,23,16
24,25,93
24,26,30
24,27,36
24,28,18
24,29,90
24,30,37
24,31,34
24,32,6
24,33,99
24,34,24
24,35,100
24,36,43
24,37,21
24,38,100
24,39,81
24,40,86
24,41,65
24,42,53
24,43,89
24,44,9
24,45,28
24,46,57
24,47,80
24,48,16
24,49,77
24,50,89
24,51,36
24,52,87
24,53,50
24,54,72
24,55,15
24,56,100
24,57,11
24,58,63
24,59,77
24,60,43
24,61,15
24,62,40
24,63,95
24,64,6
24,65,46
24,66,100
24,67,32
24,68,88
24,69,60
24,70,28
24,71,69
24,72,73
24,73,64
24,74,85
24,75,25
24,76,18
24,77,9
24,78,97
24,79,13
24,80,32
24,81,55
24,82,7
24,83,99
24,84,12
24,85,70
24,86,52
24,87,78
24,88,71
24,89,15
24,90,56
24,91,6
24,92,27
24,93,20
24,94,74
24,95,90
24,96,20
24,97,80
24,98,15
24,99,87
24,100,75
25,1,30
25,2,28
25,3,36
25,4,66
25,5,97
25,6,74
25,7,70
25,8,7
25,9,10
25,10,18
25,11,94
25,12,72
25,13,77
25,14,8
25,15,15
25,16,37
25,17,63
25,18,62
25,19,4
25,20,30
25,21,25
25,22,26
25,23,88
25,24,86
25,26,6
25,27,66
25,28,48
25,29,45
25,30,6
25,31,89
25,32,33
25,33,12
25,34,73
25,35,68
25,36,17
25,37,76
25,38,25
25,39,61
25,40,90
25,41,99
25,42,48
25,43,45
25,44,10
25,45,23
25,46,71
25,47,71
25,48,5
25,49,46
25,50,15
25,51,48
25,52,9
25,53,15
25,54,46
25,55,73
25,56,58
25,57,75
25,58,98
25,59,58
25,60,89
25,61,29
25,62,16
25,63,100
25,64,12
25,65,85
25,66,60
25,67,55
25,68,30
25,69,11
25,70,95
25,71,81
25,72,73
25,73,87
25,74,96
25,75,58
25,76,65
25,77,58
25,78,68
25,79,30
25,80,65
25,81,44
25,82,49
25,83,30
25,84,45
25,85,27
25,86,3
25,87,91
25,88,27
25,89,38
25,90,72
25,91,45
25,92,46
25,93,78
25,94,16
25,95,21
25,96,77
25,97,3
25,98,50
25,99,54
25,100,31
26,1,44
26,2,67
26,3,55
26,4,43
26,5,35
26,6,86
26,7,27
26,8,38
26,9,100
26,10,66
26,11,63
26,12,18
26,13,4
26,14,26
26,15,20
26,16,24
26,17,51
26,18,65
26,19,37
26,20,95
26,21,15
26,22,49
26,23,87
26,24,80
26,25,51
26,27,80
26,28,92
26,29,26
26,30,32
26,31,61
26,32,40
26,33,46
26,34,16
26,35,35
26,36,13
26,37,74
26,38,9
26,39,1
26,40,43
26,41,19
26,42,45
26,43,50
26,44,51
26,45,36
26,46,49
26,47,19
26,48,61
26,49,22
26,50,38
26,51,69
26,52,77
26,53,17
26,54,96
26,55,29
26,56,100
26,57,40
26,58,92
26,59,60
26,60,81
26,61,9
26,62,51
26,63,92
26,64,52
26,65,21
26,66,33
26,67,26
26,68,71
26,69,44
26,70,3
26,71,16
26,72,12
26,73,66
26,74,23
26,75,84
26,76,36
26,77,12
26,78,19
26,79,42
26,80,89
26,81,18
26,82,61
26,83,89
26,84,2
26,85,42
26,86,53
26,87,12
26,88,12
26,89,50
26,90,74
26,91,4
26,92,96
26,93,8
26,94,19
26,95,64
26,96,30
26,97,78
26,98,13
26,99,45
26,100,26
27,1,7
27,2,39
27,3,28
27,4,53
27,5,51
27,6,4
27,7,28
27,8,45
27,9,86
27,10,75
27,11,55
27,12,78
27,13,53
27,14,55
27,15,82
27,16,76
27,17,92
27,18,30
27,19,87
27,20,50
27,21,63
27,22,57
27,23,98
27,24,60
27,25,41
27,26,65
27,28,93
27,29,4
27,30,15
27,31,94
27,32,63
27,33,68
27,34,85
27,35,79
27,36,62
27,37,12
27,38,18
27,39,3
27,40,93
27,41,20
27,42,20
27,43,91
27,44,60
27,45,70
27,46,25
27,47,47
27,48,37
27,49,34
27,50,58
27,51,11
27,52,47
27,53,30
27,54,93
27,55,86
27,56,42
27,57,58
27,58,10
27,59,47
27,60,19
27,61,44
27,62,31
27,63,29
27,64,34
27,65,52
27,66,22
27,67,99
27,68,72
27,69,45
27,70,33
27,71,40
27,72,99
27,73,55
27,74,76
27,75,84
27,76,60
27,77,52
27,78,9
27,79,9
27,80,78
27,81,80
27,82,99
27,83,90
27,84,78
27,85,7
27,86,67
27,87,83
27,88,37
27,89,79
27,90,65
27,91,30
27,92,51
27,93,46
27,94,9
27,95,99
27,96,88
27,97,51
27,98,91
27,99,57
27,100,39
28,1,85
28,2,53
28,3,81
28,4,35
28,5,95
28,6,78
28,7,16
28,8,93
28,9,84
28,10,43
28,11,51
28,12,94
28,13,25
28,14,89
28,15,70
28,16,45
28,17,5
28,18,46
28,19,18
28,20,44
28,21,54
28,22,84
28,23,69
28,24,70
28,25,82
28,26,38
28,27,99
28,29,97
28,30,19
28,31,31
28,32,11
28,33,42
28,34,34
28,35,39
28,36,3
28,37,60
28,38,95
28,39,22
28,40,72
28,41,63
28,42,32
28,43,12
28,44,93
28,45,25
28,46,19
28,47,56
28,48,29
28,49,18
28,50,92
28,51,63
28,52,2
28,53,74
28,54,22
28,55,81
28,56,25
28,57,47
28,58,97
28,59,69
28,60,21
28,61,2
28,62,60
28,63,61
28,64,86
28,65,81
28,66,49
28,67,42
28,68,10
28,69,24
28,70,96
28,71,14
28,72,51
28,73,27
28,74,98
28,75,18
28,76,51
28,77,94
28,78,7
28,79,50
28,80,83
28,81,3
28,82,36
28,83,17
28,84,12
28,85,59
28,86,42
28,87,20
28,88,29
28,89,78
28,90,68
28,91,51
28,92,7
28,93,27
28,94,3
28,95,53
28,96,7
28,97,78
28,98,92
28,99,96
28,100,62
29,1,30
29,2,80
29,3,5
29,4,53
29,5,40
29,6,3
29,7,7
29,8,1
29,9,53
29,10,69
29,11,35
29,12,83
29,13,88
29,14,37
29,15,2
29,16,75
29,17,37
29,18,33
29,19,11
29,20,44
29,21,73
29,22,96
29,23,18
29,24,46
29,25,66
29,26,93
29,27,87
29,28,67
29,30,99
29,31,85
29,32,68
29,33,23
29,34,80
29,35,5
29,36,91
29,37,97
29,38,100
29,39,24
29,40,81
29,41,50
29,42,86
29,43,50
29,44,45
29,45,55
29,46,32
29,47,25
29,48,71
29,49,47
29,50,42
29,51,34
29,52,23
29,53,66
29,54,39
29,55,54
29,56,70
29,57,82
29,58,40
29,59,55
29,60,83
29,61,72
29,62,86
29,63,41
29,64,28
29,65,6
29,66,91
29,67,78
29,68,24
29,69,55
29,70,62
29,71,89
29,72,89
29,73,41
29,74,6
29,75,31
29,76,39
29,77,29
29,78,11
29,79,74
29,80,13
29,81,2
29,82,19
29,83,9
29,84,15
29,85,26
29,86,19
29,87,67
29,88,69
29,89,3
29,90,3
29,91,63
29,92,53
29,93,14
29,94,20
29,95,70
29,96,19
29,97,27
29,98,36
29,99,39
29,100,41
30,1,93
30,2,69
30,3,92
30,4,94
30,5,89
30,6,10
30,7,55
30,8,25
30,9,36
30,10,66
30,11,54
30,12,13
30,13,19
30,14,14
30,15,88
30,16,22
30,17,62
30,18,36
30,19,67
30,20,62
30,21,41
30,22,63
30,23,9
30,24,52
30,25,11
30,26,7
30,27,52
30,28,29
30,29,14
30,31,5
30,32,74
30,33,17
30,34,44
30,35,44
30,36,43
30,37,83
30,38,41
30,39,22
30,40,62
30,41,25
30,42,78
30,43,17
30,44,29
30,45,10
30,46,61
30,47,71
30,48,39
30,49,70
30,50,7
30,51,79
30,52,43
30,53,86
30,54,80
30,55,86
30,56,38
30,57,31
30,58,91
30,59,75
30,60,15
30,61,25
30,62,57
30,63,89
30,64,13
30,65,76
30,66,27
30,67,18
30,68,25
30,69,89
30,70,8
30,71,15
30,72,45
30,73,15
30,74,29
30,75,29
30,76,29
30,77,59
30,78,68
30,79,100
30,80,40
30,81,81
30,82,82
30,83,30
30,84,80
30,85,88
30,86,79
30,87,63
30,88,13
30,89,4
30,90,48
30,91,60
30,92,60
30,93,71
30,94,53
30,95,67
30,96,8
30,97,40
30,98,73
30,99,99
30,100,14
31,1,9
31,2,63
31,3,8
31,4,10
31,5,58
31,6,52
31,7,10
31,8,14
31,9,33
31,10,99
31,11,15
31,12,27
31,13,17
31,14,34
31,15,33
31,16,68
31,17,100
31,18,24
31,19,68
31,20,20
31,21,87
31,22,64
31,23,55
31,24,74
31,25,53
31,26,46
31,27,74
31,28,55
31,29,99
31,30,98
31,32,28
31,33,100
31,34,29
31,35,22
31,36,40
31,37,79
31,38,95
31,39,54
31,40,100
31,41,33
31,42,66
31,43,84
31,44,22
31,45,59
31,46,2
31,47,95
31,48,93
31,49,7
31,50,98
31,51,2
31,52,68
31,53,79
31,54,18
31,55,41
31,56,27
31,57,41
31,58,99
31,59,72
31,60,74
31,61,94
31,62,3
31,63,100
31,64,7
31,65,9
31,66,70
31,67,52
31,68,33
31,69,37
31,70,74
31,71,96
31,72,60
31,73,72
31,74,9
31,75,78
31,76,52
31,77,75
31,78,62
31,79,17
31,80,84
31,81,64
31,82,3
31,83,14
31,84,41
31,85,50
31,86,54
31,87,21
31,88,46
31,89,80
31,90,78
31,91,12
31,92,2
31,93,22
31,94,78
31,95,53
31,96,13
31,97,48
31,98,35
31,99,89
31,100,87
32,1,37
32,2,79
32,3,28
32,4,4
32,5,100
32,6,83
32,7,68
32,8,79
32,9,76
32,10,31
32,11,46
32,12,71
32,13,93
32,14,85
32,15,5
32,16,69
32,17,38
32,18,45
32,19,20
32,20,69
32,21,42
32,22,47
32,23,5
32,24,93
32,25,25
32,26,80
32,27,20
32,28,94
32,29,72
32,30,59
32,31,60
32,33,84
32,34,23
32,35,82
32,36,36
32,37,2
32,38,66
32,39,35
32,40,6
32,41,95
32,42,16
32,43,37
32,44,11
32,45,17
32,46,93
32,47,25
32,48,84
32,49,1
32,50,47
32,51,95
32,52,1
32,53,100
32,54,45
32,55,52
32,56,24
32,57,36
32,58,34
32,59,100
32,60,91
32,61,43
32,62,90
32,63,97
32,64,97
32,65,61
32,66,14
32,67,72
32,68,71
32,69,65
32,70,52
32,71,29
32,72,95
32,73,89
32,74,36
32,75,72
32,76,23
32,77,100
32,78,24
32,79,89
32,80,45
32,81,49
32,82,38
32,83,26
32,84,20
32,85,98
32,86,75
32,87,90
32,88,33
32,89,38
32,90,41
32,91,29
32,92,52
32,93,7
32,94,83
32,95,36
32,96,65
32,97,43
32,98,86
32,99,76
32,100,48
33,1,24
33,2,14
33,3,13
33,4,48
33,5,93
33,6,87
33,7,8
33,8,80
33,9,61
33,10,13
33,11,4
33,12,2
33,13,11
33,14,6
33,15,75
33,16,59
33,17,29
33,18,25
33,19,10
33,20,12
33,21,71
33,22,5
33,23,64
33,24,56
33,25,25
33,26,62
33,27,20
33,28,79
33,29,23
33,30,36
33,31,68
33,32,68
33,34,34
33,35,51
33,36,42
33,37,52
33,38,31
33,39,65
33,40,56
33,41,33
33,42,30
33,43,44
33,44,95
33,45,35
33,46,72
33,47,29
33,48,74
33,49,9
33,50,9
33,51,85
33,52,70
33,53,100
33,54,59
33,55,63
33,56,88
33,57,74
33,58,88
33,59,12
33,60,19
33,61,47
33,62,30
33,63,95
33,64,8
33,65,85
33,66,53
33,67,70
33,68,66
33,69,47
33,70,26
33,71,50
33,72,92
33,73,94
33,74,71
33,75,10
33,76,69
33,77,84
33,78,38
33,79,20
33,80,40
33,81,62
33,82,10
33,83,41
33,84,83
33,85,78
33,86,23
33,87,36
33,88,7
33,89,1
33,90,10
33,91,54
33,92,6
33,93,85
33,94,76
33,95,58
33,96,59
33,97,26
33,98,10
33,99,34
33,100,91
34,1,1
34,2,75
34,3,56
34,4,98
34,5,92
34,6,7
34,7,40
34,8,18
34,9,38
34,10,18
34,11,28
34,12,32
34,13,93
34,14,83
34,15,78
34,16,89
34,17,91
34,18,41
34,19,96
34,20,11
34,21,80
34,22,92
34,23,49
34,24,50
34,25,77
34,26,55
34,27,38
34,28,45
34,29,15
34,30,17
34,31,6
34,32,82
34,33,92
34,35,58
34,36,14
34,37,57
34,38,28
34,39,13
34,40,70
34,41,78
34,42,60
34,43,23
34,44,93
34,45,64
34,46,82
34,47,9
34,48,34
34,49,16
34,50,23
34,51,99
34,52,29
34,53,22
34,54,78
34,55,17
34,56,52
34,57,73
34,58,43
34,59,98
34,60,86
34,61,11
34,62,38
34,63,47
34,64,60
34,65,8
34,66,97
34,67,40
34,68,18
34,69,90
34,70,60
34,71,41
34,72,94
34,73,35
34,74,40
34,75,78
34,76,84
34,77,55
34,78,52
34,79,80
34,80,77
34,81,7
34,82,31
34,83,65
34,84,46
34,85,24
34,86,32
34,87,82
34,88,82
34,89,62
34,90,83
34,91,79
34,92,61
34,93,52
34,94,98
34,95,7
34,96,67
34,97,48
34,98,60
34,99,14
34,100,3
35,1,94
35,2,95
35,3,80
35,4,70
35,5,65
35,6,96
35,7,100
35,8,21
35,9,13
35,10,31
35,11,81
35,12,80
35,13,6
35,14,49
35,15,53
35,16,89
35,17,44
35,18,42
35,19,60
35,20,67
35,21,47
35,22,63
35,23,85
35,24,50
35,25,60
35,26,47
35,27,18
35,28,47
35,29,86
35,30,87
35,31,85
35,32,39
35,33,79
35,34,53
35,36,44
35,37,30
35,38,26
35,39,1
35,40,24
35,41,7
35,42,11
35,43,15
35,44,77
35,45,40
35,46,14
35,47,98
35,48,30
35,49,19
35,50,7
35,51,74
35,52,31
35,53,66
35,54,27
35,55,76
35,56,17
35,57,63
35,58,57
35,59,1
35,60,82
35,61,13
35,62,52
35,63,68
35,64,96
35,65,63
35,66,35
35,67,92
35,68,24
35,69,71
35,70,34
35,71,12
35,72,96
35,73,77
35,74,93
35,75,17
35,76,27
35,77,67
35,78,59
35,79,75
35,80,59
35,81,37
35,82,5
35,83,58
35,84,1
35,85,54
35,86,44
35,87,53
35,88,24
35,89,53
35,90,44
35,91,93
35,92,78
35,93,46
35,94,13
35,95,7
35,96,52
35,97,67
35,98,70
35,99,9
35,100,76
36,1,87
36,2,83
36,3,12
36,4,38
36,5,96
36,6,22
36,7,72
36,8,76
36,9,32
36,10,45
36,11,6
36,12,82
36,13,7
36,14,53
36,15,58
36,16,36
36,17,58
36,18,88
36,19,48
36,20,34
36,21,87
36,22,95
36,23,93
36,24,18
36,25,10
36,26,18
36,27,37
36,28,86
36,29,10
36,30,7
36,31,40
36,32,43
36,33,49
36,34,69
36,35,50
36,37,50
36,38,63
36,39,13
36,40,25
36,41,31
36,42,4
36,43,42
36,44,21
36,45,18
36,46,12
36,47,39
36,48,6
36,49,34
36,50,95
36,51,59
36,52,8
36,53,2
36,54,12
36,55,15
36,56,65
36,57,28
36,58,47
36,59,57
36,60,88
36,61,75
36,62,34
36,63,82
36,64,98
36,65,40
36,66,20
36,67,75
36,68,84
36,69,59
36,70,53
36,71,62
36,72,75
36,73,73
36,74,35
36,75,14
36,76,86
36,77,91
36,78,83
36,79,75
36,80,2
36,81,35
36,82,6
36,83,9
36,84,74
36,85,63
36,86,72
36,87,72
36,88,3
36,89,61
36,90,89
36,91,53
36,92,32
36,93,62
36,94,35
36,95,30
36,96,64
36,97,12
36,98,56
36,99,91
36,100,68
37,1,12
37,2,55
37,3,76
37,4,62
37,5,52
37,6,39
37,7,78
37,8,85
37,9,8
37,10,93
37,11,27
37,12,9
37,13,57
37,14,96
37,15,22
37,16,59
37,17,62
37,18,11
37,19,22
37,20,36
37,21,38
37,22,93
37,23,91
37,24,72
37,25,61
37,26,23
37,27,22
37,28,44
37,29,10
37,30,4
37,31,6
37,32,56
37,33,94
37,34,89
37,35,40
37,36,48
37,38,89
37,39,76
37,40,78
37,41,83
37,42,78
37,43,79
37,44,60
37,45,97
37,46,26
37,47,62
37,48,23
37,49,75
37,50,37
37,51,53
37,52,91
37,53,93
37,54,9
37,55,7
37,56,21
37,57,82
37,58,54
37,59,97
37,60,69
37,61,92
37,62,93
37,63,36
37,64,47
37,65,56
37,66,89
37,67,78
37,68,19
37,69,52
37,70,91
37,71,54
37,72,41
37,73,79
37,74,12
37,75,33
37,76,13
37,77,64
37,78,43
37,79,98
37,80,21
37,81,53
37,82,54
37,83,38
37,84,28
37,85,55
37,86,30
37,87,5
37,88,14
37,89,73
37,90,61
37,91,35
37,92,22
37,93,16
37,94,9
37,95,40
37,96,71
37,97,98
37,98,82
37,99,88
37,100,38
38,1,82
38,2,81
38,3,18
38,4,75
38,5,32
38,6,13
38,7,99
38,8,96
38,9,22
38,10,50
38,11,67
38,12,39
38,13,10
38,14,76
38,15,91
38,16,41
38,17,23
38,18,29
38,19,91
38,20,21
38,21,87
38,22,34
38,23,96
38,24,44
38,25,5
38,26,74
38,27,63
38,28,54
38,29,52
38,30,62
38,31,85
38,32,85
38,33,96
38,34,12
38,35,81
38,36,93
38,37,25
38,39,73
38,40,18
38,41,59
38,42,64
38,43,52
38,44,44
38,45,43
38,46,33
38,47,57
38,48,82
38,49,47
38,50,97
38,51,97
38,52,35
38,53,37
38,54,93
38,55,58
38,56,60
38,57,22
38,58,96
38,59,66
38,60,41
38,61,96
38,62,64
38,63,86
38,64,8
38,65,41
38,66,63
38,67,72
38,68,43
38,69,19
38,70,49
38,71,74
38,72,61
38,73,12
38,74,13
38,75,85
38,76,73
38,77,6
38,78,92
38,79,94
38,80,68
38,81,63
38,82,31
38,83,86
38,84,46
38,85,72
38,86,20
38,87,90
38,88,10
38,89,13
38,90,17
38,91,49
38,92,23
38,93,88
38,94,84
38,95,46
38,96,28
38,97,76
38,98,97
38,99,51
38,100,3
39,1,71
39,2,12
39,3,86
39,4,80
39,5,77
39,6,42
39,7,2
39,8,9
39,9,51
39,10,20
39,11,65
39,12,2
39,13,47
39,14,68
39,15,64
39,16,24
39,17,70
39,18,4
39,19,67
39,20,33
39,21,7
39,22,20
39,23,48
39,24,74
39,25,61
39,26,12
39,27,11
39,28,45
39,29,83
39,30,2
39,31,88
39,32,31
39,33,67
39,34,40
39,35,79
39,36,22
39,37,82
39,38,50
39,40,67
39,41,89
39,42,88
39,43,79
39,44,43
39,45,81
39,46,50
39,47,23
39,48,80
39,49,49
39,50,3
39,51,83
39,52,40
39,53,73
39,54,14
39,55,39
39,56,44
39,57,91
39,58,62
39,59,89
39,60,47
39,61,83
39,62,23
39,63,49
39,64,73
39,65,39
39,66,44
39,67,74
39,68,98
39,69,22
39,70,85
39,71,83
39,72,52
39,73,16
39,74,99
39,75,64
39,76,100
39,77,71
39,78,100
39,79,21
39,80,39
39,81,7
39,82,43
39,83,47
39,84,48
39,85,54
39,86,83
39,87,69
39,88,34
39,89,7
39,90,22
39,91,43
39,92,92
39,93,99
39,94,46
39,95,98
39,96,92
39,97,92
39,98,82
39,99,33
39,100,99
40,1,88
40,2,8
40,3,1
40,4,14
40,5,75
40,6,52
40,7,75
40,8,69
40,9,21
40,10,80
40,11,49
40,12,77
40,13,20
40,14,73
40,15,8
40,16,3
40,17,17
40,18,24
40,19,91
40,20,69
40,21,9
40,22,93
40,23,61
40,24,17
40,25,85
40,26,18
40,27,38
40,28,67
40,29,4
40,30,87
40,31,47
40,32,32
40,33,32
40,34,2
40,35,73
40,36,11
40,37,63
40,38,84
40,39,15
40,41,61
40,42,2
40,43,97
40,44,31
40,45,18
40,46,9
40,47,57
40,48,3
40,49,49
40,50,80
40,51,56
40,52,76
40,53,59
40,54,25
40,55,65
40,56,80
40,57,90
40,58,57
40,59,12
40,60,80
40,61,58
40,62,99
40,63,31
40,64,75
40,65,5
40,66,17
40,67,58
40,68,73
40,69,69
40,70,13
40,71,98
40,72,99
40,73,32
40,74,40
40,75,30
40,76,4
40,77,90
40,78,39
40,79,23
40,80,73
40,81,30
40,82,90
40,83,65
40,84,39
40,85,44
40,86,63
40,87,90
40,88,16
40,89,29
40,90,75
40,91,76
40,92,47
40,93,39
40,94,58
40,95,84
40,96,74
40,97,91
40,98,10
40,99,32
40,100,46
41,1,61
41,2,35
41,3,29
41,4,36
41,5,61
41,6,22
41,7,70
41,8,94
41,9,65
41,10,61
41,11,20
41,12,63
41,13,76
41,14,2
41,15,48
41,16,72
41,17,2
41,18,47
41,19,30
41,20,48
41,21,1
41,22,90
41,23,44
41,24,32
41,25,67
41,26,70
41,27,93
41,28,10
41,29,78
41,30,59
41,31,58
41,32,13
41,33,7
41,34,35
41,35,54
41,36,64
41,37,64
41,38,41
41,39,42
41,40,26
41,42,25
41,43,45
41,44,45
41,45,68
41,46,81
41,47,44
41,48,100
41,49,73
41,50,34
41,51,94
41,52,40
41,53,64
41,54,1
41,55,68
41,56,89
41,57,41
41,58,27
41,59,72
41,60,40
41,61,3
41,62,79
41,63,5
41,64,42
41,65,93
41,66,87
41,67,18
41,68,40
41,69,58
41,70,4
41,71,41
41,72,56
41,73,15
41,74,32
41,75,59
41,76,74
41,77,72
41,78,11
41,79,75
41,80,15
41,81,55
41,82,62
41,83,53
41,84,53
41,85,2
41,86,31
41,87,40
41,88,17
41,89,48
41,90,42
41,91,28
41,92,58
41,93,55
41,94,58
41,95,4
41,96,87
41,97,38
41,98,82
41,99,90
41,100,88
42,1,26
42,2,50
42,3,93
42,4,25
42,5,25
42,6,3
42,7,98
42,8,9
42,9,92
42,10,67
42,11,96
42,12,86
42,13,11
42,14,62
42,15,16
42,16,9
42,17,32
42,18,45
42,19,84
42,20,84
42,21,27
42,22,97
42,23,26
42,24,35
42,25,31
42,26,58
42,27,50
42,28,12
42,29,37
42,30,45
42,31,45
42,32,98
42,33,59
42,34,76
42,35,13
42,36,28
42,37,7
42,38,20
42,39,29
42,40,32
42,41,4
42,43,24
42,44,92
42,45,74
42,46,84
42,47,29
42,48,5
42,49,97
42,50,75
42,51,85
42,52,63
42,53,94
42,54,96
42,55,33
42,56,37
42,57,6
42,58,92
42,59,44
42,60,94
42,61,51
42,62,19
42,63,32
42,64,44
42,65,75
42,66,12
42,67,95
42,68,60
42,69,18
42,70,81
42,71,35
42,72,4
42,73,76
42,74,100
42,75,57
42,76,7
42,77,58
42,78,44
42,79,25
42,80,4
42,81,39
42,82,4
42,83,38
42,84,3
42,85,64
42,86,93
42,87,78
42,88,51
42,89,25
42,90,44
42,91,47
42,92,19
42,93,41
42,94,63
42,95,57
42,96,67
42,97,67
42,98,13
42,99,8
42,100,85
43,1,40
43,2,33
43,3,58
43,4,26
43,5,90
43,6,95
43,7,6
43,8,49
43,9,84
43,10,60
43,11,38
43,12,54
43,13,30
43,14,49
43,15,32
43,16,66
43,17,84
43,18,91
43,19,72
43,20,99
43,21,14
43,22,43
43,23,19
43,24,23
43,25,35
43,26,22
43,27,12
43,28,16
43,29,43
43,30,23
43,31,35
43,32,9
43,33,19
43,34,6
43,35,77
43,36,57
43,37,81
43,38,34
43,39,96
43,40,27
43,41,45
43,42,82
43,44,43
43,45,89
43,46,58
43,47,75
43,48,10
43,49,58
43,50,62
43,51,80
43,52,5
43,53,59
43,54,90
43,55,37
43,56,85
43,57,77
43,58,22
43,59,77
43,60,8
43,61,73
43,62,71
43,63,85
43,64,46
43,65,69
43,66,77
43,67,18
43,68,31
43,69,51
43,70,85
43,71,26
43,72,83
43,73,49
43,74,55
43,75,9
43,76,100
43,77,62
43,78,31
43,79,80
43,80,91
43,81,29
43,82,47
43,83,37
43,84,64
43,85,66
43,86,51
43,87,55
43,88,80
43,89,53
43,90,60
43,91,42
43,92,34
43,93,47
43,94,13
43,95,97
43,96,65
43,97,13
43,98,56
43,99,67
43,100,51
44,1,87
44,2,65
44,3,92
44,4,27
44,5,42
44,6,47
44,7,46
44,8,90
44,9,14
44,10,22
44,11,57
44,12,51
44,13,8
44,14,8
44,15,49
44,16,22
44,17,52
44,18,95
44,19,87
44,20,32
44,21,92
44,22,53
44,23,40
44,24,75
44,25,19
44,26,100
44,27,1
44,28,99
44,29,16
44,30,96
44,31,30
44,32,29
44,33,19
44,34,37
44,35,63
44,36,43
44,37,16
44,38,35
44,39,13
44,40,6
44,41,48
44,42,76
44,43,90
44,45,1
44,46,90
44,47,95
44,48,36
44,49,84
44,50,51
44,51,78
44,52,100
44,53,16
44,54,54
44,55,18
44,56,32
44,57,70
44,58,72
44,59,88
44,60,74
44,61,58
44,62,99
44,63,66
44,64,64
44,65,82
44,66,44
44,67,28
44,68,9
44,69,43
44,70,31
44,71,49
44,72,63
44,73,4
44,74,34
44,75,28
44,76,77
44,77,58
44,78,64
44,79,64
44,80,2
44,81,54
44,82,78
44,83,87
44,84,82
44,85,78
44,86,100
44,87,39
44,88,19
44,89,80
44,90,68
44,91,94
44,92,11
44,93,32
44,94,76
44,95,40
44,96,59
44,97,32
44,98,19
44,99,28
44,100,77
45,1,98
45,2,50
45,3,6
45,4,9
45,5,67
45,6,38
45,7,4
45,8,25
45,9,43
45,10,15
45,11,90
45,12,74
45,13,95
45,14,35
45,15,40
45,16,58
45,17,27
45,18,13
45,19,34
45,20,69
45,21,66
45,22,83
45,23,3
45,24,89
45,25,79
45,26,48
45,27,86
45,28,78
45,29,91
45,30,90
45,31,5
45,32,76
45,33,96
45,34,66
45,35,42
45,36,80
45,37,79
45,38,32
45,39,54
45,40,98
45,41,37
45,42,26
45,43,20
45,44,72
45,46,65
45,47,49
45,48,17
45,49,71
45,50,43
45,51,81
45,52,91
45,53,15
45,54,59
45,55,15
45,56,36
45,57,90
45,58,96
45,59,25
45,60,16
45,61,92
45,62,21
45,63,40
45,64,53
45,65,38
45,66,23
45,67,37
45,68,98
45,69,51
45,70,14
45,71,47
45,72,24
45,73,49
45,74,56
45,75,36
45,76,7
45,77,6
45,78,30
45,79,57
45,80,89
45,81,79
45,82,66
45,83,98
45,84,67
45,85,14
45,86,66
45,87,10
45,88,41
45,89,48
45,90,85
45,91,92
45,92,52
45,93,4
45,94,65
45,95,61
45,96,45
45,97,69
45,98,72
45,99,8
45,100,92
46,1,27
46,2,76
46,3,10
46,4,97
46,5,91
46,6,4
46,7,36
46,8,26
46,9,8
46,10,43
46,11,72
46,12,11
46,13,60
46,14,97
46,15,32
46,16,42
46,17,6
46,18,74
46,19,74
46,20,34
46,21,93
46,22,89
46,23,1
46,24,86
46,25,10
46,26,7
46,27,73
46,28,42
46,29,65
46,30,85
46,31,13
46,32,18
46,33,38
46,34,24
46,35,78
46,36,10
46,37,20
46,38,20
46,39,83
46,40,17
46,41,27
46,42,60
46,43,32
46,44,18
46,45,4
46,47,73
46,48,92
46,49,74
46,50,22
46,51,73
46,52,79
46,53,64
46,54,88
46,55,16
46,56,82
46,57,18
46,58,25
46,59,97
46,60,14
46,61,82
46,62,94
46,63,80
46,64,86
46,65,84
46,66,12
46,67,16
46,68,43
46,69,17
46,70,20
46,71,24
46,72,33
46,73,79
46,74,95
46,75,80
46,76,70
46,77,95
46,78,26
46,79,99
46,80,34
46,81,23
46,82,61
46,83,66
46,84,1
46,85,86
46,86,28
46,87,61
46,88,42
46,89,71
46,90,53
46,91,57
46,92,17
46,93,56
46,94,35
46,95,67
46,96,95
46,97,26
46,98,29
46,99,3
46,100,44
47,1,41
47,2,66
47,3,36
47,4,68
47,5,76
47,6,5
47,7,68
47,8,51
47,9,18
47,10,33
47,11,23
47,12,32
47,13,43
47,14,27
47,15,30
47,16,17
47,17,85
47,18,84
47,19,22
47,20,25
47,21,80
47,22,28
47,23,94
47,24,78
47,25,80
47,26,87
47,27,69
47,28,83
47,29,28
47,30,23
47,31,51
47,32,4
47,33,57
47,34,37
47,35,10
47,36,33
47,37,89
47,38,97
47,39,35
47,40,31
47,41,66
47,42,95
47,43,16
47,44,1
47,45,39
47,46,25
47,48,49
47,49,74
47,50,80
47,51,47
47,52,47
47,53,71
47,54,7
47,55,36
47,56,16
47,57,96
47,58,5
47,59,7
47,60,93
47,61,27
47,62,96
47,63,11
47,64,42
47,65,68
47,66,42
47,67,53
47,68,63
47,69,86
47,70,73
47,71,93
47,72,74
47,73,67
47,74,21
47,75,87
47,76,29
47,77,19
47,78,70
47,79,80
47,80,86
47,81,47
47,82,16
47,83,71
47,84,98
47,85,38
47,86,36
47,87,42
47,88,66
47,89,52
47,90,15
47,91,60
47,92,17
47,93,89
47,94,55
47,95,1
47,96,69
47,97,95
47,98,13
47,99,58
47,100,12
48,1,44
48,2,16
48,3,11
48,4,87
48,5,25
48,6,84
48,7,16
48,8,26
48,9,78
48,10,44
48,11,12
48,12,52
48,13,85
48,14,80
48,15,84
48,16,5
48,17,91
48,18,54
48,19,63
48,20,27
48,21,33
48,22,98
48,23,72
48,24,45
48,25,97
48,26,84
48,27,15
48,28,4
48,29,18
48,30,17
48,31,24
48,32,58
48,33,20
48,34,89
48,35,52
48,36,54
48,37,61
48,38,53
48,39,57
48,40,72
48,41,24
48,42,11
48,43,73
48,44,32
48,45,92
48,46,81
48,47,96
48,49,42
48,50,79
48,51,57
48,52,42
48,53,39
48,54,53
48,55,42
48,56,91
48,57,88
48,58,15
48,59,52
48,60,14
48,61,68
48,62,27
48,63,87
48,64,94
48,65,8
48,66,69
48,67,57
48,68,38
48,69,23
48,70,78
48,71,64
48,72,87
48,73,54
48,74,93
48,75,80
48,76,26
48,77,2
48,78,91
48,79,94
48,80,72
48,81,58
48,82,70
48,83,74
48,84,27
48,85,25
48,86,56
48,87,20
48,88,21
48,89,58
48,90,94
48,91,9
48,92,44
48,93,43
48,94,14
48,95,85
48,96,38
48,97,71
48,98,94
48,99,19
48,100,35
49,1,6
49,2,96
49,3,81
49,4,94
49,5,21
49,6,14
49,7,65
49,8,13
49,9,38
49,10,31
49,11,29
49,12,68
49,13,29
49,14,4
49,15,88
49,16,26
49,17,61
49,18,89
49,19,1
49,20,57
49,21,21
49,22,23
49,23,88
49,24,48
49,25,85
49,26,29
49,27,90
49,28,39
49,29,33
49,30,1
49,31,1
49,32,43
49,33,11
49,34,76
49,35,31
49,36,3
49,37,60
49,38,47
49,39,74
49,40,13
49,41,91
49,42,5
49,43,47
49,44,53
49,45,55
49,46,89
49,47,49
49,48,51
49,50,7
49,51,67
49,52,56
49,53,93
49,54,37
49,55,2
49,56,18
49,57,16
49,58,65
49,59,4
49,60,46
49,61,62
49,62,19
49,63,35
49,64,42
49,65,45
49,66,35
49,67,68
49,68,11
49,69,18
49,70,85
49,71,28
49,72,2
49,73,56
49,74,34
49,75,91
49,76,15
49,77,54
49,78,72
49,79,13
49,80,76
49,81,52
49,82,41
49,83,91
49,84,59
49,85,67
49,86,19
49,87,88
49,88,69
49,89,55
49,90,24
49,91,90
49,92,29
49,93,79
49,94,73
49,95,46
49,96,31
49,97,54
49,98,28
49,99,24
49,100,5
50,1,12
50,2,4
50,3,79
50,4,97
50,5,89
50,6,47
50,7,99
50,8,62
50,9,37
50,10,52
50,11,21
50,12,33
50,13,59
50,14,97
50,15,59
50,16,16
50,17,77
50,18,62
50,19,4
50,20,17
50,21,73
50,22,63
50,23,98
50,24,1
50,25,56
50,26,38
50,27,3
50,28,98
50,29,21
50,30,17
50,31,62
50,32,83
50,33,83
50,34,32
50,35,7
50,36,21
50,37,90
50,38,13
50,39,58
50,40,10
50,41,76
50,42,61
50,43,64
50,44,69
50,45,54
50,46,12
50,47,77
50,48,45
50,49,10
50,51,48
50,52,26
50,53,70
50,54,63
50,55,21
50,56,74
50,57,47
50,58,46
50,59,16
50,60,83
50,61,70
50,62,86
50,63,82
50,64,41
50,65,50
50,66,41
50,67,89
50,68,42
50,69,41
50,70,81
50,71,9
50,72,48
50,73,14
50,74,85
50,75,24
50,76,88
50,77,46
50,78,58
50,79,91
50,80,73
50,81,45
50,82,93
50,83,35
50,84,94
50,85,67
50,86,43
50,87,24
50,88,57
50,89,47
50,90,33
50,91,33
50,92,98
50,93,70
50,94,62
50,95,11
50,96,68
50,97,32
50,98,15
50,99,9
50,100,49
51,1,10
51,2,85
51,3,61
51,4,90
51,5,9
51,6,89
51,7,33
51,8,31
51,9,77
51,10,80
51,11,17
51,12,83
51,13,30
51,14,51
51,15,36
51,16,41
51,17,23
51,18,35
51,19,26
51,20,57
51,21,68
51,22,54
51,23,54
51,24,50
51,25,93
51,26,61
51,27,58
51,28,52
51,29,88
51,30,28
51,31,93
51,32,97
51,33,34
51,34,35
51,35,81
51,36,36
51,37,17
51,38,26
51,39,83
51,40,59
51,41,9
51,42,83
51,43,19
51,44,65
51,45,40
51,46,41
51,47,65
51,48,20
51,49,96
51,50,19
51,52,73
51,53,85
51,54,26
51,55,2
51,56,16
51,57,27
51,58,90
51,59,26
51,60,87
51,61,33
51,62,53
51,63,39
51,64,15
51,65,48
51,66,75
51,67,25
51,68,31
51,69,59
51,70,46
51,71,82
51,72,24
51,73,44
51,74,22
51,75,88
51,76,6
51,77,71
51,78,66
51,79,42
51,80,24
51,81,44
51,82,39
51,83,78
51,84,66
51,85,67
51,86,97
51,87,27
51,88,83
51,89,50
51,90,77
51,91,56
51,92,12
51,93,44
51,94,40
51,95,95
51,96,25
51,97,79
51,98,31
51,99,94
51,100,56
52,1,44
52,2,94
52,3,72
52,4,7
52,5,50
52,6,66
52,7,3
52,8,85
52,9,57
52,10,66
52,11,95
52,12,72
52,13,39
52,14,30
52,15,9
52,16,33
52,17,83
52,18,96
52,19,53
52,20,4
52,21,79
52,22,6
52,23,50
52,24,8
52,25,41
52,26,2
52,27,25
52,28,37
52,29,62
52,30,17
52,31,51
52,32,19
52,33,5
52,34,14
52,35,43
52,36,69
52,37,5
52,38,30
52,39,24
52,40,14
52,41,60
52,42,7
52,43,85
52,44,47
52,45,9
52,46,79
52,47,12
52,48,12
52,49,40
52,50,90
52,51,8
52,53,37
52,54,7
52,55,74
52,56,75
52,57,93
52,58,98
52,59,72
52,60,69
52,61,71
52,62,61
52,63,58
52,64,2
52,65,37
52,66,14
52,67,44
52,68,39
52,69,17
52,70,31
52,71,92
52,72,67
52,73,18
52,74,28
52,75,8
52,76,19
52,77,66
52,78,75
52,79,35
52,80,57
52,81,41
52,82,83
52,83,5
52,84,21
52,85,9
52,86,3
52,87,25
52,88,16
52,89,54
52,90,43
52,91,23
52,92,45
52,93,77
52,94,39
52,95,76
52,96,76
52,97,40
52,98,41
52,99,68
52,100,33
53,1,75
53,2,61
53,3,13
53,4,45
53,5,46
53,6,13
53,7,60
53,8,49
53,9,58
53,10,33
53,11,8
53,12,91
53,13,36
53,14,3
53,15,23
53,16,52
53,17,21
53,18,82
53,19,27
53,20,100
53,21,2
53,22,4
53,23,9
53,24,44
53,25,65
53,26,45
53,27,1
53,28,5
53,29,29
53,30,3
53,31,57
53,32,63
53,33,73
53,34,95
53,35,80
53,36,36
53,37,15
53,38,55
53,39,45
53,40,17
53,41,12
53,42,28
53,43,21
53,44,22
53,45,29
53,46,40
53,47,12
53,48,7
53,49,28
53,50,34
53,51,35
53,52,16
53,54,24
53,55,28
53,56,56
53,57,71
53,58,93
53,59,54
53,60,36
53,61,72
53,62,84
53,63,34
53,64,93
53,65,41
53,66,89
53,67,75
53,68,85
53,69,87
53,70,89
53,71,39
53,72,10
53,73,27
53,74,92
53,75,16
53,76,14
53,77,87
53,78,52
53,79,18
53,80,48
53,81,95
53,82,28
53,83,7
53,84,66
53,85,95
53,86,12
53,87,4
53,88,49
53,89,80
53,90,80
53,91,62
53,92,66
53,93,21
53,94,10
53,95,1
53,96,47
53,97,92
53,98,50
53,99,81
53,100,62
54,1,93
54,2,16
54,3,10
54,4,49
54,5,32
54,6,54
54,7,41
54,8,11
54,9,100
54,10,10
54,11,85
54,12,87
54,13,44
54,14,72
54,15,7
54,16,45
54,17,36
54,18,68
54,19,23
54,20,12
54,21,20
54,22,3
54,23,100
54,24,5
54,25,48
54,26,34
54,27,17
54,28,16
54,29,55
54,30,2
54,31,67
54,32,4
54,33,91
54,34,36
54,35,79
54,36,2
54,37,49
54,38,42
54,39,25
54,40,97
54,41,60
54,42,63
54,43,81
54,44,99
54,45,89
54,46,21
54,47,30
54,48,5
54,49,100
54,50,31
54,51,31
54,52,63
54,53,49
54,55,85
54,56,60
54,57,33
54,58,86
54,59,92
54,60,45
54,61,14
54,62,31
54,63,28
54,64,10
54,65,46
54,66,62
54,67,46
54,68,49
54,69,51
54,70,33
54,71,15
54,72,72
54,73,91
54,74,6
54,75,10
54,76,51
54,77,44
54,78,95
54,79,95
54,80,30
54,81,74
54,82,12
54,83,6
54,84,67
54,85,44
54,86,45
54,87,68
54,88,15
54,89,9
54,90,79
54,91,51
54,92,51
54,93,39
54,94,82
54,95,35
54,96,78
54,97,5
54,98,40
54,99,99
54,100,26
55,1,8
55,2,38
55,3,27
55,4,36
55,5,92
55,6,84
55,7,89
55,8,39
55,9,4
55,10,82
55,11,58
55,12,19
55,13,89
55,14,39
55,15,41
55,16,5
55,17,88
55,18,83
55,19,7
55,20,89
55,21,56
55,22,81
55,23,95
55,24,60
55,25,97
55,26,21
55,27,11
55,28,50
55,29,63
55,30,15
55,31,96
55,32,57
55,33,58
55,34,70
55,35,81
55,36,36
55,37,8
55,38,8
55,39,91
55,40,69
55,41,90
55,42,62
55,43,48
55,44,24
55,45,99
55,46,18
55,47,38
55,48,34
55,49,23
55,50,25
55,51,62
55,52,76
55,53,5
55,54,12
55,56,72
55,57,76
55,58,10
55,59,29
55,60,61
55,61,80
55,62,93
55,63,28
55,64,64
55,65,28
55,66,16
55,67,83
55,68,81
55,69,16
55,70,34
55,71,28
55,72,96
55,73,96
55,74,77
55,75,13
55,76,73
55,77,87
55,78,31
55,79,46
55,80,5
55,81,35
55,82,84
55,83,84
55,84,46
55,85,98
55,86,74
55,87,45
55,88,50
55,89,44
55,90,15
55,91,93
55,92,14
55,93,64
55,94,82
55,95,5
55,96,52
55,97,95
55,98,100
55,99,25
55,100,40
56,1,43
56,2,98
56,3,56
56,4,2
56,5,24
56,6,66
56,7,26
56,8,93
56,9,8
56,10,21
56,11,64
56,12,56
56,13,89
56,14,66
56,15,52
56,16,49
56,17,82
56,18,48
56,19,35
56,20,46
56,21,92
56,22,62
56,23,98
56,24,74
56,25,55
56,26,30
56,27,46
56,28,43
56,29,77
56,30,69
56,31,28
56,32,45
56,33,96
56,34,59
56,35,3
56,36,43
56,37,87
56,38,49
56,39,11
56,40,15
56,41,48
56,42,96
56,43,54
56,44,59
56,45,96
56,46,96
56,47,2
56,48,71
56,49,59
56,50,29
56,51,89
56,52,80
56,53,11
56,54,71
56,55,17
56,57,31
56,58,8
56,59,93
56,60,39
56,61,27
56,62,57
56,63,58
56,64,54
56,65,9
56,66,2
56,67,19
56,68,56
56,69,46
56,70,20
56,71,84
56,72,82
56,73,67
56,74,53
56,75,98
56,76,8
56,77,90
56,78,43
56,79,98
56,80,9
56,81,7
56,82,67
56,83,74
56,84,92
56,85,80
56,86,76
56,87,13
56,88,71
56,89,48
56,90,46
56,91,40
56,92,64
56,93,69
56,94,41
56,95,12
56,96,82
56,97,79
56,98,22
56,99,92
56,100,61
57,1,96
57,2,31
57,3,95
57,4,4
57,5,37
57,6,7
57,7,55
57,8,98
57,9,88
57,10,27
57,11,77
57,12,73
57,13,61
57,14,15
57,15,22
57,16,8
57,17,88
57,18,96
57,19,56
57,20,85
57,21,33
57,22,92
57,23,73
57,24,41
57,25,24
57,26,77
57,27,86
57,28,76
57,29,55
57,30,4
57,31,18
57,32,77
57,33,38
57,34,33
57,35,7
57,36,31
57,37,95
57,38,16
57,39,43
57,40,55
57,41,13
57,42,30
57,43,96
57,44,92
57,45,64
57,46,79
57,47,2
57,48,91
57,49,61
57,50,98
57,51,19
57,52,1
57,53,62
57,54,63
57,55,53
57,56,24
57,58,79
57,59,20
57,60,87
57,61,99
57,62,32
57,63,59
57,64,31
57,65,39
57,66,41
57,67,25
57,68,45
57,69,15
57,70,57
57,71,54
57,72,56
57,73,29
57,74,86
57,75,41
57,76,38
57,77,87
57,78,24
57,79,8
57,80,87
57,81,77
57,82,50
57,83,89
57,84,82
57,85,11
57,86,91
57,87,4
57,88,22
57,89,18
57,90,28
57,91,2
57,92,99
57,93,21
57,94,74
57,95,13
57,96,26
57,97,25
57,98,97
57,99,99
57,100,85
58,1,84
58,2,21
58,3,78
58,4,79
58,5,73
58,6,89
58,7,59
58,8,22
58,9,61
58,10,87
58,11,41
58,12,53
58,13,92
58,14,75
58,15,2
58,16,40
58,17,76
58,18,8
58,19,19
58,20,52
58,21,98
58,22,64
58,23,63
58,24,64
58,25,28
58,26,59
58,27,63
58,28,3
58,29,84
58,30,84
58,31,67
58,32,79
58,33,1
58,34,35
58,35,23
58,36,37
58,37,61
58,38,21
58,39,98
58,40,57
58,41,95
58,42,4
58,43,7
58,44,46
58,45,16
58,46,3
58,47,19
58,48,51
58,49,52
58,50,93
58,51,18
58,52,20
58,53,58
58,54,70
58,55,59
58,56,94
58,57,99
58,59,61
58,60,92
58,61,54
58,62,94
58,63,5
58,64,92
58,65,29
58,66,6
58,67,32
58,68,65
58,69,33
58,70,18
58,71,94
58,72,32
58,73,61
58,74,61
58,75,4
58,76,46
58,77,60
58,78,11
58,79,59
58,80,63
58,81,73
58,82,73
58,83,59
58,84,65
58,85,32
58,86,45
58,87,53
58,88,55
58,89,2
58,90,16
58,91,6
58,92,58
58,93,92
58,94,18
58,95,60
58,96,72
58,97,35
58,98,92
58,99,41
58,100,52
59,1,71
59,2,79
59,3,52
59,4,30
59,5,83
59,6,70
59,7,16
59,8,7
59,9,32
59,10,66
59,11,66
59,12,19
59,13,6
59,14,70
59,15,45
59,16,21
59,17,6
59,18,91
59,19,46
59,20,18
59,21,32
59,22,14
59,23,61
59,24,62
59,25,90
59,26,85
59,27,29
59,28,51
59,29,11
59,30,63
59,31,85
59,32,96
59,33,93
59,34,53
59,35,42
59,36,75
59,37,68
59,38,51
59,39,27
59,40,55
59,41,77
59,42,85
59,43,38
59,44,34
59,45,98
59,46,60
59,47,56
59,48,58
59,49,16
59,50,33
59,51,2
59,52,39
59,53,24
59,54,90
59,55,41
59,56,57
59,57,37
59,58,16
59,60,47
59,61,53
59,62,79
59,63,4
59,64,25
59,65,68
59,66,73
59,67,1
59,68,65
59,69,62
59,70,94
59,71,82
59,72,94
59,73,57
59,74,35
59,75,76
59,76,65
59,77,10
59,78,76
59,79,88
59,80,77
59,81,76
59,82,18
59,83,61
59,84,55
59,85,44
59,86,4
59,87,33
59,88,63
59,89,29
59,90,8
59,91,28
59,92,84
59,93,28
59,94,100
59,95,90
59,96,49
59,97,36
59,98,29
59,99,83
59,100,96
60,1,16
60,2,5
60,3,17
60,4,37
60,5,48
60,6,28
60,7,76
60,8,47
60,9,3
60,10,14
60,11,11
60,12,50
60,13,21
60,14,67
60,15,56
60,16,74
60,17,41
60,18,1
60,19,61
60,20,6
60,21,17
60,22,11
60,23,2
60,24,40
60,25,93
60,26,53
60,27,70
60,28,48
60,29,88
60,30,38
60,31,99
60,32,77
60,33,59
60,34,27
60,35,21
60,36,81
60,37,82
60,38,36
60,39,2
60,40,33
60,41,19
60,42,19
60,43,46
60,44,37
60,45,52
60,46,85
60,47,45
60,48,30
60,49,82
60,50,61
60,51,11
60,52,83
60,53,31
60,54,68
60,55,75
60,56,81
60,57,23
60,58,20
60,59,61
60,61,40
60,62,94
60,63,37
60,64,17
60,65,70
60,66,68
60,67,56
60,68,3
60,69,44
60,70,25
60,71,51
60,72,24
60,73,34
60,74,100
60,75,77
60,76,79
60,77,79
60,78,5
60,79,8
60,80,69
60,81,42
60,82,12
60,83,4
60,84,78
60,85,86
60,86,45
60,87,10
60,88,47
60,89,49
60,90,27
60,91,76
60,92,83
60,93,55
60,94,65
60,95,89
60,96,60
60,97,26
60,98,8
60,99,69
60,100,66
61,1,73
61,2,21
61,3,96
61,4,84
61,5,32
61,6,31
61,7,11
61,8,17
61,9,46
61,10,74
61,11,64
61,12,64
61,13,14
61,14,93
61,15,74
61,16,56
61,17,61
61,18,82
61,19,61
61,20,34
61,21,71
61,22,66
61,23,30
61,24,39
61,25,80
61,26,59
61,27,76
61,28,17
61,29,96
61,30,79
61,31,49
61,32,66
61,33,94
61,34,98
61,35,45
61,36,7
61,37,25
61,38,72
61,39,18
61,40,39
61,41,98
61,42,26
61,43,97
61,44,70
61,45,3
61,46,47
61,47,94
61,48,4
61,49,75
61,50,75
61,51,86
61,52,65
61,53,20
61,54,79
61,55,40
61,56,66
61,57,94
61,58,10
61,59,53
61,60,25
61,62,44
61,63,45
61,64,37
61,65,48
61,66,6
61,67,7
61,68,36
61,69,32
61,70,32
61,71,49
61,72,27
61,73,84
61,74,29
61,75,15
61,76,19
61,77,100
61,78,32
61,79,26
61,80,5
61,81,81
61,82,43
61,83,100
61,84,10
61,85,33
61,86,91
61,87,38
61,88,4
61,89,38
61,90,83
61,91,44
61,92,51
61,93,53
61,94,24
61,95,64
61,96,74
61,97,2
61,98,2
61,99,73
61,100,65
62,1,25
62,2,15
62,3,77
62,4,15
62,5,90
62,6,78
62,7,4
62,8,44
62,9,77
62,10,25
62,11,64
62,12,20
62,13,36
62,14,12
62,15,92
62,16,53
62,17,59
62,18,72
62,19,94
62,20,36
62,21,7
62,22,65
62,23,43
62,24,19
62,25,88
62,26,87
62,27,43
62,28,90
62,29,35
62,30,43
62,31,12
62,32,75
62,33,71
62,34,27
62,35,66
62,36,93
62,37,77
62,38,7
62,39,8
62,40,82
62,41,36
62,42,42
62,43,53
62,44,50
62,45,49
62,46,76
62,47,35
62,48,29
62,49,20
62,50,22
62,51,52
62,52,33
62,53,96
62,54,4
62,55,35
62,56,27
62,57,45
62,58,2
62,59,31
62,60,54
62,61,42
62,63,35
62,64,97
62,65,52
62,66,5
62,67,75
62,68,77
62,69,72
62,70,75
62,71,55
62,72,83
62,73,11
62,74,99
62,75,88
62,76,20
62,77,45
62,78,91
62,79,30
62,80,14
62,81,32
62,82,80
62,83,11
62,84,96
62,85,80
62,86,95
62,87,44
62,88,61
62,89,75
62,90,45
62,91,61
62,92,93
62,93,94
62,94,29
62,95,23
62,96,64
62,97,44
62,98,16
62,99,21
62,100,28
63,1,1
63,2,30
63,3,21
63,4,70
63,5,24
63,6,37
63,7,69
63,8,76
63,9,46
63,10,69
63,11,58
63,12,72
63,13,27
63,14,70
63,15,61
63,16,44
63,17,21
63,18,55
63,19,23
63,20,14
63,21,44
63,22,66
63,23,89
63,24,19
63,25,88
63,26,74
63,27,83
63,28,46
63,29,58
63,30,98
63,31,46
63,32,73
63,33,63
63,34,45
63,35,59
63,36,2
63,37,61
63,38,60
63,39,86
63,40,86
63,41,77
63,42,22
63,43,35
63,44,81
63,45,46
63,46,47
63,47,49
63,48,7
63,49,91
63,50,95
63,51,36
63,52,87
63,53,19
63,54,62
63,55,55
63,56,73
63,57,72
63,58,45
63,59,37
63,60,94
63,61,56
63,62,75
63,64,86
63,65,32
63,66,9
63,67,20
63,68,75
63,69,76
63,70,56
63,71,62
63,72,32
63,73,64
63,74,55
63,75,50
63,76,67
63,77,58
63,78,87
63,79,87
63,80,68
63,81,75
63,82,23
63,83,94
63,84,73
63,85,67
63,86,36
63,87,86
63,88,81
63,89,73
63,90,85
63,91,65
63,92,87
63,93,85
63,94,31
63,95,58
63,96,1
63,97,86
63,98,2
63,99,99
63,100,63
64,1,53
64,2,7
64,3,15
64,4,88
64,5,66
64,6,2
64,7,85
64,8,27
64,9,37
64,10,50
64,11,16
64,12,36
64,13,4
64,14,68
64,15,89
64,16,61
64,17,52
64,18,77
64,19,23
64,20,96
64,21,20
64,22,50
64,23,25
64,24,85
64,25,51
64,26,85
64,27,36
64,28,67
64,29,38
64,30,93
64,31,87
64,32,70
64,33,46
64,34,87
64,35,76
64,36,93
64,37,39
64,38,27
64,39,27
64,40,75
64,41,20
64,42,33
64,43,15
64,44,37
64,45,14
64,46,8
64,47,99
64,48,45
64,49,89
64,50,15
64,51,100
64,52,30
64,53,87
64,54,57
64,55,61
64,56,32
64,57,27
64,58,81
64,59,1
64,60,62
64,61,40
64,62,2
64,63,7
64,65,55
64,66,59
64,67,82
64,68,23
64,69,13
64,70,78
64,71,45
64,72,99
64,73,91
64,74,10
64,75,94
64,76,18
64,77,13
64,78,90
64,79,2
64,80,5
64,81,76
64,82,82
64,83,11
64,84,17
64,85,56
64,86,41
64,87,53
64,88,27
64,89,63
64,90,82
64,91,56
64,92,19
64,93,37
64,94,82
64,95,19
64,96,27
64,97,76
64,98,40
64,99,9
64,100,64
65,1,16
65,2,88
65,3,14
65,4,50
65,5,22
65,6,40
65,7,22
65,8,8
65,9,23
65,10,40
65,11,53
65,12,47
65,13,83
65,14,32
65,15,82
65,16,81
65,17,1
65,18,85
65,19,44
65,20,28
65,21,10
65,22,20
65,23,91
65,24,50
65,25,3
65,26,12
65,27,21
65,28,93
65,29,92
65,30,34
65,31,17
65,32,92
65,33,9
65,34,59
65,35,35
65,36,7
65,37,8
65,38,74
65,39,16
65,40,48
65,41,31
65,42,78
65,43,9
65,44,97
65,45,30
65,46,56
65,47,87
65,48,21
65,49,89
65,50,66
65,51,2
65,52,59
65,53,43
65,54,9
65,55,79
65,56,42
65,57,37
65,58,48
65,59,12
65,60,82
65,61,96
65,62,99
65,63,67
65,64,89
65,66,50
65,67,52
65,68,78
65,69,14
65,70,53
65,71,68
65,72,8
65,73,62
65,74,77
65,75,93
65,76,31
65,77,64
65,78,89
65,79,6
65,80,11
65,81,33
65,82,63
65,83,77
65,84,45
65,85,17
65,86,21
65,87,23
65,88,4
65,89,100
65,90,34
65,91,64
65,92,19
65,93,64
65,94,81
65,95,24
65,96,30
65,97,3
65,98,13
65,99,82
65,100,55
66,1,95
66,2,47
66,3,32
66,4,57
66,5,96
66,6,19
66,7,85
66,8,56
66,9,18
66,10,6
66,11,92
66,12,8
66,13,54
66,14,50
66,15,94
66,16,59
66,17,67
66,18,35
66,19,68
66,20,98
66,21,95
66,22,46
66,23,53
66,24,74
66,25,67
66,26,82
66,27,5
66,28,12
66,29,9
66,30,77
66,31,6
66,32,79
66,33,16
66,34,6
66,35,20
66,36,64
66,37,83
66,38,59
66,39,38
66,40,58
66,41,14
66,42,66
66,43,38
66,44,83
66,45,97
66,46,95
66,47,55
66,48,7
66,49,54
66,50,16
66,51,51
66,52,29
66,53,44
66,54,45
66,55,24
66,56,59
66,57,51
66,58,44
66,59,97
66,60,89
66,61,30
66,62,18
66,63,70
66,64,14
66,65,61
66,67,52
66,68,69
66,69,1
66,70,17
66,71,19
66,72,16
66,73,32
66,74,10
66,75,10
66,76,85
66,77,89
66,78,79
66,79,28
66,80,49
66,81,27
66,82,44
66,83,46
66,84,36
66,85,81
66,86,48
66,87,62
66,88,84
66,89,19
66,90,59
66,91,98
66,92,19
66,93,24
66,94,52
66,95,82
66,96,31
66,97,100
66,98,55
66,99,74
66,100,86
67,1,40
67,2,8
67,3,49
67,4,25
67,5,60
67,6,8
67,7,24
67,8,50
67,9,36
67,10,62
67,11,25
67,12,32
67,13,81
67,14,4
67,15,37
67,16,27
67,17,92
67,18,49
67,19,89
67,20,70
67,21,48
67,22,79
67,23,58
67,24,34
67,25,62
67,26,7
67,27,79
67,28,34
67,29,74
67,30,50
67,31,84
67,32,81
67,33,38
67,34,27
67,35,78
67,36,58
67,37,63
67,38,58
67,39,45
67,40,40
67,41,71
67,42,41
67,43,70
67,44,57
67,45,60
67,46,26
67,47,79
67,48,56
67,49,58
67,50,81
67,51,63
67,52,87
67,53,10
67,54,17
67,55,34
67,56,46
67,57,58
67,58,7
67,59,85
67,60,46
67,61,43
67,62,20
67,63,60
67,64,86
67,65,28
67,66,58
67,68,29
67,69,1
67,70,100
67,71,3
67,72,47
67,73,77
67,74,12
67,75,65
67,76,8
67,77,14
67,78,11
67,79,72
67,80,89
67,81,38
67,82,51
67,83,56
67,84,86
67,85,25
67,86,45
67,87,40
67,88,10
67,89,26
67,90,71
67,91,80
67,92,73
67,93,98
67,94,72
67,95,97
67,96,24
67,97,38
67,98,40
67,99,58
67,100,71
68,1,78
68,2,78
68,3,61
68,4,10
68,5,63
68,6,47
68,7,47
68,8,55
68,9,74
68,10,62
68,11,36
68,12,41
68,13,20
68,14,78
68,15,69
68,16,37
68,17,65
68,18,24
68,19,14
68,20,82
68,21,57
68,22,17
68,23,41
68,24,41
68,25,25
68,26,62
68,27,84
68,28,84
68,29,6
68,30,100
68,31,5
68,32,5
68,33,79
68,34,11
68,35,71
68,36,69
68,37,67
68,38,68
68,39,12
68,40,7
68,41,3
68,42,1
68,43,45
68,44,46
68,45,75
68,46,93
68,47,34
68,48,43
68,49,94
68,50,80
68,51,20
68,52,44
68,53,49
68,54,5
68,55,32
68,56,71
68,57,65
68,58,32
68,59,30
68,60,54
68,61,4
68,62,59
68,63,65
68,64,11
68,65,76
68,66,82
68,67,16
68,69,8
68,70,41
68,71,7
68,72,33
68,73,28
68,74,45
68,75,12
68,76,45
68,77,96
68,78,25
68,79,99
68,80,4
68,81,77
68,82,67
68,83,28
68,84,60
68,85,48
68,86,12
68,87,11
68,88,1
68,89,43
68,90,90
68,91,72
68,92,63
68,93,73
68,94,81
68,95,60
68,96,79
68,97,42
68,98,52
68,99,64
68,100,71
69,1,47
69,2,50
69,3,1
69,4,53
69,5,25
69,6,87
69,7,5
69,8,90
69,9,64
69,10,32
69,11,24
69,12,77
69,13,52
69,14,34
69,15,18
69,16,24
69,17,59
69,18,55
69,19,48
69,20,53
69,21,19
69,22,22
69,23,18
69,24,40
69,25,75
69,26,68
69,27,89
69,28,77
69,29,15
69,30,32
69,31,82
69,32,96
69,33,4
69,34,30
69,35,7
69,36,31
69,37,83
69,38,45
69,39,84
69,40,77
69,41,90
69,42,60
69,43,45
69,44,67
69,45,94
69,46,79
69,47,93
69,48,76
69,49,89
69,50,71
69,51,56
69,52,8
69,53,67
69,54,2
69,55,88
69,56,86
69,57,31
69,58,47
69,59,36
69,60,83
69,61,22
69,62,53
69,63,78
69,64,32
69,65,1
69,66,80
69,67,62
69,68,24
69,70,17
69,71,39
69,72,100
69,73,19
69,74,91
69,75,65
69,76,28
69,77,88
69,78,18
69,79,93
69,80,43
69,81,9
69,82,81
69,83,95
69,84,38
69,85,52
69,86,36
69,87,2
69,88,48
69,89,81
69,90,75
69,91,66
69,92,52
69,93,28
69,94,27
69,95,33
69,96,97
69,97,99
69,98,41
69,99,45
69,100,27
70,1,12
70,2,17
70,3,4
70,4,13
70,5,27
70,6,72
70,7,14
70,8,37
70,9,55
70,10,61
70,11,83
70,12,18
70,13,23
70,14,37
70,15,67
70,16,51
70,17,67
70,18,95
70,19,100
70,20,20
70,21,82
70,22,87
70,23,43
70,24,8
70,25,32
70,26,86
70,27,66
70,28,56
70,29,46
70,30,48
70,31,50
70,32,90
70,33,15
70,34,76
70,35,62
70,36,17
70,37,19
70,38,49
70,39,37
70,40,8
70,41,89
70,42,65
70,43,6
70,44,69
70,45,73
70,46,15
70,47,70
70,48,31
70,49,74
70,50,10
70,51,92
70,52,94
70,53,17
70,54,87
70,55,1
70,56,56
70,57,46
70,58,49
70,59,59
70,60,13
70,61,29
70,62,24
70,63,57
70,64,61
70,65,75
70,66,22
70,67,54
70,68,91
70,69,77
70,71,94
70,72,24
70,73,65
70,74,29
70,75,7
70,76,58
70,77,46
70,78,71
70,79,18
70,80,41
70,81,6
70,82,6
70,83,38
70,84,42
70,85,96
70,86,51
70,87,43
70,88,7
70,89,11
70,90,7
70,91,8
70,92,48
70,93,97
70,94,8
70,95,27
70,96,67
70,97,74
70,98,23
70,99,59
70,100,46
71,1,30
71,2,60
71,3,70
71,4,87
71,5,1
71,6,77
71,7,6
71,8,14
71,9,26
71,10,52
71,11,98
71,12,44
71,13,73
71,14,73
71,15,12
71,16,17
71,17,56
71,18,92
71,19,61
71,20,21
71,21,81
71,22,47
71,23,99
71,24,20
71,25,59
71,26,66
71,27,12
71,28,34
71,29,52
71,30,58
71,31,25
71,32,3
71,33,38
71,34,32
71,35,30
71,36,53
71,37,91
71,38,40
71,39,63
71,40,47
71,41,76
71,42,5
71,43,12
71,44,18
71,45,100
71,46,98
71,47,35
71,48,35
71,49,9
71,50,24
71,51,39
71,52,4
71,53,13
71,54,20
71,55,49
71,56,75
71,57,67
71,58,96
71,59,89
71,60,88
71,61,47
71,62,8
71,63,16
71,64,14
71,65,37
71,66,13
71,67,22
71,68,33
71,69,13
71,70,85
71,72,80
71,73,11
71,74,30
71,75,35
71,76,83
71,77,22
71,78,64
71,79,93
71,80,92
71,81,88
71,82,46
71,83,100
71,84,3
71,85,87
71,86,65
71,87,88
71,88,73
71,89,1
71,90,60
71,91,67
71,92,95
71,93,15
71,94,93
71,95,97
71,96,37
71,97,9
71,98,38
71,99,57
71,100,2
72,1,48
72,2,42
72,3,38
72,4,45
72,5,23
72,6,22
72,7,30
72,8,100
72,9,45
72,10,30
72,11,71
72,12,66
72,13,36
72,14,90
72,15,98
72,16,6
72,17,56
72,18,38
72,19,80
72,20,71
72,21,87
72,22,75
72,23,17
72,24,37
72,25,92
72,26,43
72,27,95
72,28,33
72,29,12
72,30,55
72,31,24
72,32,75
72,33,53
72,34,84
72,35,43
72,36,34
72,37,5
72,38,58
72,39,52
72,40,11
72,41,78
72,42,18
72,43,6
72,44,7
72,45,10
72,46,100
72,47,26
72,48,93
72,49,81
72,50,46
72,51,30
72,52,1
72,53,22
72,54,52
72,55,37
72,56,47
72,57,31
72,58,39
72,59,61
72,60,53
72,61,7
72,62,38
72,63,23
72,64,52
72,65,81
72,66,21
72,67,65
72,68,15
72,69,14
72,70,53
72,71,78
72,73,70
72,74,4
72,75,100
72,76,56
72,77,87
72,78,84
72,79,95
72,80,75
72,81,67
72,82,64
72,83,61
72,84,61
72,85,52
72,86,13
72,87,28
72,88,20
72,89,21
72,90,84
72,91,13
72,92,46
72,93,63
72,94,61
72,95,63
72,96,90
72,97,98
72,98,26
72,99,43
72,100,63
73,1,80
73,2,22
73,3,4
73,4,83
73,5,43
73,6,23
73,7,31
73,8,12
73,9,53
73,10,26
73,11,69
73,12,55
73,13,96
73,14,30
73,15,82
73,16,12
73,17,12
73,18,31
73,19,16
73,20,26
73,21,25
73,22,46
73,23,90
73,24,88
73,25,62
73,26,48
73,27,84
73,28,50
73,29,76
73,30,78
73,31,51
73,32,82
73,33,2
73,34,32
73,35,22
73,36,66
73,37,88
73,38,84
73,39,3
73,40,42
73,41,23
73,42,64
73,43,94
73,44,43
73,45,36
73,46,90
73,47,64
73,48,72
73,49,51
73,50,92
73,51,20
73,52,63
73,53,83
73,54,46
73,55,81
73,56,14
73,57,51
73,58,35
73,59,58
73,60,15
73,61,50
73,62,90
73,63,85
73,64,43
73,65,65
73,66,7
73,67,68
73,68,58
73,69,24
73,70,34
73,71,20
73,72,89
73,74,83
73,75,81
73,76,13
73,77,100
73,78,66
73,79,2
73,80,96
73,81,23
73,82,75
73,83,16
73,84,81
73,85,60
73,86,65
73,87,74
73,88,98
73,89,94
73,90,68
73,91,9
73,92,7
73,93,81
73,94,15
73,95,26
73,96,79
73,97,87
73,98,22
73,99,58
73,100,32
74,1,35
74,2,44
74,3,69
74,4,59
74,5,37
74,6,2
74,7,10
74,8,41
74,9,10
74,10,60
74,11,36
74,12,93
74,13,35
74,14,53
74,15,60
74,16,40
74,17,63
74,18,51
74,19,34
74,20,22
74,21,67
74,22,77
74,23,69
74,24,21
74,25,24
74,26,40
74,27,25
74,28,21
74,29,80
74,30,23
74,31,18
74,32,9
74,33,5
74,34,3
74,35,29
74,36,77
74,37,99
74,38,58
74,39,30
74,40,36
74,41,29
74,42,100
74,43,85
74,44,43
74,45,94
74,46,56
74,47,73
74,48,45
74,49,61
74,50,2
74,51,17
74,52,57
74,53,85
74,54,79
74,55,67
74,56,93
74,57,84
74,58,34
74,59,52
74,60,24
74,61,19
74,62,73
74,63,83
74,64,87
74,65,53
74,66,88
74,67,1
74,68,26
74,69,33
74,70,75
74,71,27
74,72,58
74,73,48
74,75,53
74,76,99
74,77,88
74,78,64
74,79,55
74,80,39
74,81,40
74,82,96
74,83,37
74,84,1
74,85,99
74,86,23
74,87,2
74,88,91
74,89,16
74,90,77
74,91,54
74,92,43
74,93,41
74,94,21
74,95,38
74,96,87
74,97,56
74,98,12
74,99,7
74,100,79
75,1,13
75,2,87
75,3,7
75,4,93
75,5,73
75,6,20
75,7,8
75,8,39
75,9,62
75,10,93
75,11,62
75,12,11
75,13,66
75,14,45
75,15,32
75,16,18
75,17,45
75,18,46
75,19,84
75,20,28
75,21,21
75,22,15
75,23,88
75,24,23
75,25,59
75,26,40
75,27,26
75,28,16
75,29,74
75,30,94
75,31,11
75,32,72
75,33,54
75,34,36
75,35,93
75,36,48
75,37,9
75,38,1
75,39,99
75,40,9
75,41,14
75,42,95
75,43,53
75,44,87
75,45,35
75,46,94
75,47,62
75,48,44
75,49,98
75,50,37
75,51,9
75,52,61
75,53,70
75,54,99
75,55,48
75,56,8
75,57,39
75,58,12
75,59,95
75,60,76
75,61,90
75,62,49
75,63,13
75,64,73
75,65,14
75,66,32
75,67,1
75,68,74
75,69,94
75,70,19
75,71,68
75,72,16
75,73,9
75,74,2
75,76,57
75,77,48
75,78,16
75,79,97
75,80,69
75,81,44
75,82,89
75,83,50
75,84,55
75,85,25
75,86,63
75,87,57
75,88,42
75,89,78
75,90,96
75,91,80
75,92,19
75,93,34
75,94,88
75,95,69
75,96,94
75,97,16
75,98,92
75,99,65
75,100,90
76,1,87
76,2,30
76,3,4
76,4,90
76,5,79
76,6,45
76,7,23
76,8,49
76,9,73
76,10,77
76,11,77
76,12,70
76,13,27
76,14,68
76,15,66
76,16,18
76,17,86
76,18,62
76,19,45
76,20,53
76,21,6
76,22,69
76,23,32
76,24,36
76,25,98
76,26,20
76,27,25
76,28,83
76,29,90
76,30,21
76,31,77
76,32,87
76,33,91
76,34,81
76,35,20
76,36,78
76,37,45
76,38,86
76,39,19
76,40,93
76,41,69
76,42,69
76,43,94
76,44,19
76,45,55
76,46,18
76,47,76
76,48,19
76,49,94
76,50,2
76,51,65
76,52,27
76,53,72
76,54,14
76,55,44
76,56,69
76,57,15
76,58,81
76,59,11
76,60,86
76,61,88
76,62,57
76,63,63
76,64,86
76,65,42
76,66,38
76,67,28
76,68,100
76,69,87
76,70,21
76,71,15
76,72,43
76,73,4
76,74,94
76,75,49
76,77,98
76,78,7
76,79,72
76,80,92
76,81,80
76,82,15
76,83,36
76,84,55
76,85,4
76,86,67
76,87,41
76,88,84
76,89,57
76,90,80
76,91,18
76,92,69
76,93,9
76,94,48
76,95,28
76,96,28
76,97,92
76,98,77
76,99,80
76,100,9
77,1,91
77,2,93
77,3,6
77,4,80
77,5,25
77,6,87
77,7,41
77,8,88
77,9,15
77,10,43
77,11,46
77,12,31
77,13,23
77,14,53
77,15,93
77,16,59
77,17,33
77,18,70
77,19,62
77,20,63
77,21,53
77,22,87
77,23,15
77,24,23
77,25,8
77,26,34
77,27,64
77,28,17
77,29,3
77,30,40
77,31,12
77,32,62
77,33,64
77,34,19
77,35,83
77,36,96
77,37,37
77,38,43
77,39,66
77,40,35
77,41,84
77,42,40
77,43,83
77,44,32
77,45,47
77,46,57
77,47,42
77,48,49
77,49,53
77,50,94
77,51,76
77,52,95
77,53,30
77,54,59
77,55,56
77,56,96
77,57,34
77,58,45
77,59,92
77,60,57
77,61,54
77,62,100
77,63,16
77,64,34
77,65,65
77,66,84
77,67,11
77,68,68
77,69,90
77,70,60
77,71,4
77,72,40
77,73,25
77,74,98
77,75,76
77,76,15
77,78,33
77,79,7
77,80,37
77,81,7
77,82,88
77,83,87
77,84,58
77,85,14
77,86,51
77,87,87
77,88,37
77,89,7
77,90,6
77,91,76
77,92,53
77,93,16
77,94,5
77,95,66
77,96,43
77,97,32
77,98,21
77,99,61
77,100,18
78,1,38
78,2,67
78,3,30
78,4,58
78,5,25
78,6,84
78,7,32
78,8,36
78,9,42
78,10,52
78,11,34
78,12,27
78,13,96
78,14,26
78,15,77
78,16,33
78,17,84
78,18,18
78,19,43
78,20,73
78,21,16
78,22,22
78,23,50
78,24,67
78,25,29
78,26,80
78,27,59
78,28,38
78,29,1
78,30,26
78,31,14
78,32,80
78,33,100
78,34,86
78,35,5
78,36,50
78,37,64
78,38,70
78,39,88
78,40,69
78,41,51
78,42,75
78,43,100
78,44,40
78,45,64
78,46,11
78,47,95
78,48,2
78,49,26
78,50,54
78,51,84
78,52,73
78,53,18
78,54,75
78,55,18
78,56,95
78,57,33
78,58,36
78,59,33
78,60,94
78,61,26
78,62,33
78,63,28
78,64,79
78,65,88
78,66,19
78,67,37
78,68,74
78,69,61
78,70,79
78,71,25
78,72,98
78,73,44
78,74,20
78,75,74
78,76,94
78,77,91
78,79,12
78,80,96
78,81,22
78,82,41
78,83,12
78,84,91
78,85,16
78,86,2
78,87,69
78,88,6
78,89,40
78,90,13
78,91,61
78,92,48
78,93,21
78,94,58
78,95,68
78,96,53
78,97,69
78,98,10
78,99,5
78,100,46
79,1,33
79,2,6
79,3,51
79,4,76
79,5,9
79,6,87
79,7,92
79,8,98
79,9,33
79,10,3
79,11,48
79,12,7
79,13,78
79,14,85
79,15,53
79,16,63
79,17,86
79,18,98
79,19,96
79,20,62
79,21,39
79,22,82
79,23,69
79,24,34
79,25,36
79,26,62
79,27,89
79,28,10
79,29,60
79,30,92
79,31,70
79,32,95
79,33,58
79,34,94
79,35,75
79,36,58
79,37,17
79,38,54
79,39,29
79,40,62
79,41,51
79,42,29
79,43,21
79,44,60
79,45,29
79,46,15
79,47,62
79,48,43
79,49,58
79,50,13
79,51,20
79,52,80
79,53,45
79,54,17
79,55,10
79,56,1
79,57,83
79,58,62
79,59,83
79,60,63
79,61,100
79,62,58
79,63,12
79,64,99
79,65,69
79,66,75
79,67,6
79,68,36
79,69,88
79,70,22
79,71,11
79,72,27
79,73,30
79,74,53
79,75,57
79,76,10
79,77,56
79,78,7
79,80,69
79,81,8
79,82,78
79,83,18
79,84,19
79,85,94
79,86,56
79,87,90
79,88,71
79,89,53
79,90,97
79,91,74
79,92,90
79,93,4
79,94,63
79,95,81
79,96,41
79,97,99
79,98,54
79,99,38
79,100,98
80,1,94
80,2,90
80,3,83
80,4,88
80,5,43
80,6,54
80,7,69
80,8,78
80,9,68
80,10,53
80,11,98
80,12,58
80,13,71
80,14,76
80,15,88
80,16,41
80,17,35
80,18,69
80,19,90
80,20,69
80,21,96
80,22,58
80,23,56
80,24,22
80,25,12
80,26,68
80,27,95
80,28,86
80,29,78
80,30,100
80,31,90
80,32,52
80,33,46
80,34,83
80,35,69
80,36,71
80,37,10
80,38,51
80,39,55
80,40,61
80,41,82
80,42,65
80,43,52
80,44,89
80,45,86
80,46,86
80,47,73
80,48,36
80,49,18
80,50,29
80,51,78
80,52,25
80,53,34
80,54,10
80,55,100
80,56,50
80,57,33
80,58,97
80,59,50
80,60,38
80,61,38
80,62,36
80,63,34
80,64,85
80,65,83
80,66,69
80,67,46
80,68,67
80,69,36
80,70,26
80,71,87
80,72,52
80,73,87
80,74,74
80,75,76
80,76,87
80,77,24
80,78,22
80,79,16
80,81,100
80,82,72
80,83,42
80,84,6
80,85,86
80,86,79
80,87,16
80,88,53
80,89,9
80,90,12
80,91,79
80,92,18
80,93,49
80,94,95
80,95,78
80,96,50
80,97,28
80,98,68
80,99,46
80,100,44
81,1,47
81,2,22
81,3,39
81,4,55
81,5,25
81,6,15
81,7,39
81,8,52
81,9,89
81,10,56
81,11,21
81,12,57
81,13,5
81,14,35
81,15,13
81,16,65
81,17,81
81,18,18
81,19,43
81,20,53
81,21,19
81,22,62
81,23,55
81,24,44
81,25,89
81,26,57
81,27,2
81,28,76
81,29,81
81,30,89
81,31,30
81,32,24
81,33,21
81,34,72
81,35,90
81,36,95
81,37,81
81,38,2
81,39,30
81,40,12
81,41,25
81,42,87
81,43,52
81,44,29
81,45,69
81,46,58
81,47,49
81,48,81
81,49,61
81,50,33
81,51,39
81,52,32
81,53,60
81,54,99
81,55,100
81,56,16
81,57,26
81,58,84
81,59,2
81,60,83
81,61,68
81,62,25
81,63,42
81,64,71
81,65,88
81,66,23
81,67,26
81,68,50
81,69,80
81,70,34
81,71,41
81,72,97
81,73,4
81,74,7
81,75,17
81,76,82
81,77,68
81,78,66
81,79,91
81,80,61
81,82,49
81,83,88
81,84,6
81,85,25
81,86,82
81,87,15
81,88,27
81,89,100
81,90,19
81,91,94
81,92,28
81,93,13
81,94,69
81,95,75
81,96,51
81,97,10
81,98,82
81,99,58
81,100,95
82,1,45
82,2,100
82,3,28
82,4,68
82,5,63
82,6,72
82,7,75
82,8,70
82,9,58
82,10,75
82,11,2
82,12,75
82,13,22
82,14,71
82,15,92
82,16,84
82,17,97
82,18,90
82,19,57
82,20,97
82,21,67
82,22,59
82,23,84
82,24,100
82,25,19
82,26,68
82,27,48
82,28,8
82,29,11
82,30,64
82,31,74
82,32,84
82,33,38
82,34,75
82,35,45
82,36,41
82,37,13
82,38,19
82,39,45
82,40,63
82,41,22
82,42,21
82,43,21
82,44,32
82,45,23
82,46,96
82,47,83
82,48,85
82,49,75
82,50,20
82,51,75
82,52,46
82,53,14
82,54,84
82,55,73
82,56,75
82,57,10
82,58,93
82,59,90
82,60,14
82,61,75
82,62,96
82,63,49
82,64,10
82,65,13
82,66,97
82,67,67
82,68,15
82,69,67
82,70,39
82,71,86
82,72,70
82,73,52
82,74,8
82,75,42
82,76,93
82,77,85
82,78,43
82,79,91
82,80,99
82,81,45
82,83,5
82,84,94
82,85,82
82,86,89
82,87,84
82,88,22
82,89,4
82,90,94
82,91,1
82,92,92
82,93,48
82,94,86
82,95,67
82,96,22
82,97,93
82,98,90
82,99,18
82,100,2
83,1,94
83,2,76
83,3,97
83,4,62
83,5,77
83,6,9
83,7,17
83,8,22
83,9,92
83,10,40
83,11,50
83,12,57
83,13,100
83,14,72
83,15,1
83,16,87
83,17,55
83,18,60
83,19,41
83,20,53
83,21,99
83,22,48
83,23,92
83,24,5
83,25,62
83,26,41
83,27,76
83,28,28
83,29,91
83,30,69
83,31,5
83,32,76
83,33,65
83,34,77
83,35,4
83,36,83
83,37,100
83,38,68
83,39,64
83,40,42
83,41,21
83,42,3
83,43,77
83,44,4
83,45,29
83,46,14
83,47,26
83,48,97
83,49,27
83,50,25
83,51,89
83,52,41
83,53,77
83,54,58
83,55,37
83,56,33
83,57,62
83,58,91
83,59,84
83,60,46
83,61,54
83,62,38
83,63,73
83,64,13
83,65,28
83,66,81
83,67,5
83,68,24
83,69,14
83,70,16
83,71,36
83,72,64
83,73,16
83,74,57
83,75,41
83,76,24
83,77,12
83,78,9
83,79,25
83,80,33
83,81,87
83,82,94
83,84,43
83,85,27
83,86,59
83,87,77
83,88,36
83,89,20
83,90,52
83,91,87
83,92,95
83,93,65
83,94,91
83,95,42
83,96,40
83,97,28
83,98,97
83,99,83
83,100,89
84,1,10
84,2,64
84,3,68
84,4,10
84,5,7
84,6,87
84,7,31
84,8,41
84,9,1
84,10,34
84,11,11
84,12,50
84,13,62
84,14,5
84,15,27
84,16,19
84,17,32
84,18,59
84,19,55
84,20,26
84,21,62
84,22,90
84,23,79
84,24,58
84,25,28
84,26,60
84,27,30
84,28,26
84,29,36
84,30,57
84,31,15
84,32,14
84,33,99
84,34,28
84,35,45
84,36,30
84,37,55
84,38,71
84,39,4
84,40,50
84,41,69
84,42,47
84,43,91
84,44,27
84,45,43
84,46,76
84,47,39
84,48,90
84,49,36
84,50,29
84,51,81
84,52,36
84,53,85
84,54,27
84,55,49
84,56,19
84,57,8
84,58,62
84,59,55
84,60,56
84,61,55
84,62,59
84,63,39
84,64,96
84,65,70
84,66,1
84,67,43
84,68,80
84,69,63
84,70,88
84,71,14
84,72,81
84,73,70
84,74,86
84,75,3
84,76,33
84,77,96
84,78,58
84,79,59
84,80,77
84,81,76
84,82,98
84,83,63
84,85,69
84,86,71
84,87,14
84,88,2
84,89,71
84,90,47
84,91,6
84,92,29
84,93,40
84,94,5
84,95,19
84,96,66
84,97,24
84,98,95
84,99,82
84,100,18
85,1,12
85,2,87
85,3,16
85,4,68
85,5,28
85,6,21
85,7,62
85,8,3
85,9,82
85,10,75
85,11,53
85,12,5
85,13,50
85,14,97
85,15,43
85,16,10
85,17,53
85,18,19
85,19,34
85,20,41
85,21,12
85,22,89
85,23,55
85,24,97
85,25,75
85,26,15
85,27,11
85,28,10
85,29,58
85,30,15
85,31,11
85,32,97
85,33,80
85,34,88
85,35,35
85,36,12
85,37,52
85,38,45
85,39,59
85,40,55
85,41,55
85,42,98
85,43,92
85,44,80
85,45,13
85,46,39
85,47,31
85,48,58
85,49,47
85,50,84
85,51,52
85,52,39
85,53,33
85,54,83
85,55,72
85,56,71
85,57,91
85,58,61
85,59,53
85,60,90
85,61,29
85,62,3
85,63,98
85,64,77
85,65,17
85,66,48
85,67,68
85,68,42
85,69,58
85,70,77
85,71,62
85,72,10
85,73,73
85,74,17
85,75,98
85,76,81
85,77,23
85,78,97
85,79,99
85,80,66
85,81,47
85,82,68
85,83,65
85,84,74
85,86,33
85,87,67
85,88,50
85,89,7
85,90,4
85,91,45
85,92,20
85,93,1
85,94,15
85,95,85
85,96,89
85,97,97
85,98,20
85,99,49
85,100,53
86,1,72
86,2,9
86,3,95
86,4,18
86,5,39
86,6,46
86,7,66
86,8,45
86,9,92
86,10,93
86,11,98
86,12,64
86,13,5
86,14,66
86,15,48
86,16,68
86,17,71
86,18,40
86,19,4
86,20,33
86,21,59
86,22,74
86,23,9
86,24,46
86,25,61
86,26,89
86,27,41
86,28,92
86,29,96
86,30,27
86,31,13
86,32,82
86,33,49
86,34,40
86,35,50
86,36,65
86,37,89
86,38,88
86,39,31
86,40,96
86,41,72
86,42,79
86,43,38
86,44,89
86,45,3
86,46,71
86,47,75
86,48,3
86,49,61
86,50,55
86,51,20
86,52,50
86,53,2
86,54,54
86,55,9
86,56,58
86,57,16
86,58,55
86,59,92
86,60,95
86,61,4
86,62,78
86,63,27
86,64,49
86,65,98
86,66,40
86,67,26
86,68,80
86,69,83
86,70,34
86,71,78
86,72,84
86,73,57
86,74,41
86,75,96
86,76,59
86,77,52
86,78,80
86,79,57
86,80,68
86,81,74
86,82,76
86,83,10
86,84,3
86,85,88
86,87,58
86,88,87
86,89,23
86,90,69
86,91,68
86,92,84
86,93,93
86,94,41
86,95,52
86,96,65
86,97,43
86,98,69
86,99,25
86,100,69
87,1,89
87,2,91
87,3,54
87,4,33
87,5,31
87,6,60
87,7,10
87,8,65
87,9,46
87,10,2
87,11,74
87,12,25
87,13,57
87,14,53
87,15,15
87,16,30
87,17,73
87,18,89
87,19,2
87,20,68
87,21,7
87,22,45
87,23,83
87,24,31
87,25,100
87,26,3
87,27,45
87,28,87
87,29,77
87,30,47
87,31,55
87,32,11
87,33,72
87,34,86
87,35,16
87,36,11
87,37,40
87,38,72
87,39,63
87,40,8
87,41,43
87,42,65
87,43,59
87,44,46
87,45,34
87,46,27
87,47,91
87,48,3
87,49,57
87,50,86
87,51,45
87,52,11
87,53,74
87,54,47
87,55,30
87,56,82
87,57,64
87,58,21
87,59,44
87,60,18
87,61,70
87,62,46
87,63,48
87,64,69
87,65,34
87,66,12
87,67,20
87,68,43
87,69,65
87,70,89
87,71,80
87,72,91
87,73,42
87,74,32
87,75,50
87,76,42
87,77,42
87,78,31
87,79,6
87,80,31
87,81,99
87,82,100
87,83,77
87,84,53
87,85,81
87,86,91
87,88,89
87,89,40
87,90,31
87,91,45
87,92,43
87,93,91
87,94,27
87,95,4
87,96,96
87,97,96
87,98,51
87,99,75
87,100,18
88,1,17
88,2,78
88,3,76
88,4,48
88,5,8
88,6,97
88,7,97
88,8,30
88,9,51
88,10,66
88,11,84
88,12,69
88,13,6
88,14,78
88,15,45
88,16,47
88,17,15
88,18,82
88,19,23
88,20,75
88,21,1
88,22,43
88,23,19
88,24,61
88,25,53
88,26,64
88,27,13
88,28,78
88,29,28
88,30,88
88,31,57
88,32,6
88,33,80
88,34,56
88,35,41
88,36,15
88,37,60
88,38,5
88,39,80
88,40,8
88,41,28
88,42,42
88,43,11
88,44,4
88,45,6
88,46,68
88,47,53
88,48,41
88,49,15
88,50,19
88,51,20
88,52,38
88,53,60
88,54,76
88,55,1
88,56,25
88,57,37
88,58,15
88,59,37
88,60,12
88,61,90
88,62,14
88,63,16
88,64,48
88,65,2
88,66,94
88,67,13
88,68,9
88,69,87
88,70,13
88,71,87
88,72,26
88,73,36
88,74,17
88,75,26
88,76,2
88,77,12
88,78,63
88,79,60
88,80,22
88,81,88
88,82,39
88,83,74
88,84,2
88,85,60
88,86,6
88,87,96
88,89,30
88,90,69
88,91,91
88,92,1
88,93,85
88,94,51
88,95,25
88,96,17
88,97,91
88,98,100
88,99,61
88,100,71
89,1,65
89,2,68
89,3,23
89,4,63
89,5,16
89,6,14
89,7,75
89,8,99
89,9,39
89,10,40
89,11,93
89,12,42
89,13,51
89,14,45
89,15,3
89,16,11
89,17,45
89,18,63
89,19,69
89,20,36
89,21,81
89,22,54
89,23,82
89,24,81
89,25,29
89,26,20
89,27,80
89,28,73
89,29,92
89,30,12
89,31,39
89,32,39
89,33,12
89,34,19
89,35,16
89,36,5
89,37,38
89,38,44
89,39,91
89,40,92
89,41,77
89,42,57
89,43,31
89,44,38
89,45,81
89,46,40
89,47,8
89,48,39
89,49,89
89,50,29
89,51,30
89,52,83
89,53,26
89,54,93
89,55,95
89,56,11
89,57,38
89,58,66
89,59,94
89,60,73
89,61,30
89,62,99
89,63,71
89,64,51
89,65,7
89,66,71
89,67,50
89,68,65
89,69,24
89,70,92
89,71,90
89,72,32
89,73,72
89,74,58
89,75,32
89,76,78
89,77,74
89,78,62
89,79,91
89,80,38
89,81,31
89,82,17
89,83,77
89,84,66
89,85,19
89,86,74
89,87,37
89,88,34
89,90,84
89,91,22
89,92,51
89,93,24
89,94,16
89,95,17
89,96,83
89,97,53
89,98,37
89,99,37
89,100,3
90,1,77
90,2,99
90,3,83
90,4,52
90,5,71
90,6,42
90,7,60
90,8,59
90,9,60
90,10,7
90,11,12
90,12,65
90,13,18
90,14,33
90,15,60
90,16,21
90,17,46
90,18,60
90,19,49
90,20,32
90,21,96
90,22,5
90,23,100
90,24,81
90,25,25
90,26,36
90,27,47
90,28,27
90,29,73
90,30,71
90,31,50
90,32,24
90,33,47
90,34,27
90,35,6
90,36,10
90,37,12
90,38,30
90,39,71
90,40,66
90,41,29
90,42,22
90,43,21
90,44,62
90,45,6
90,46,53
90,47,74
90,48,30
90,49,16
90,50,83
90,51,98
90,52,96
90,53,27
90,54,99
90,55,58
90,56,82
90,57,8
90,58,7
90,59,3
90,60,20
90,61,82
90,62,38
90,63,43
90,64,2
90,65,13
90,66,58
90,67,66
90,68,83
90,69,20
90,70,17
90,71,59
90,72,37
90,73,22
90,74,22
90,75,54
90,76,77
90,77,31
90,78,84
90,79,14
90,80,84
90,81,63
90,82,3
90,83,87
90,84,40
90,85,54
90,86,61
90,87,30
90,88,97
90,89,70
90,91,96
90,92,96
90,93,68
90,94,17
90,95,95
90,96,28
90,97,67
90,98,63
90,99,5
90,100,47
91,1,94
91,2,89
91,3,41
91,4,41
91,5,77
91,6,82
91,7,3
91,8,72
91,9,15
91,10,12
91,11,99
91,12,95
91,13,76
91,14,62
91,15,19
91,16,65
91,17,46
91,18,68
91,19,26
91,20,56
91,21,89
91,22,7
91,23,17
91,24,87
91,25,47
91,26,79
91,27,68
91,28,16
91,29,43
91,30,34
91,31,28
91,32,43
91,33,7
91,34,9
91,35,31
91,36,96
91,37,83
91,38,74
91,39,43
91,40,6
91,41,93
91,42,10
91,43,40
91,44,86
91,45,85
91,46,78
91,47,47
91,48,26
91,49,49
91,50,69
91,51,75
91,52,54
91,53,53
91,54,15
91,55,57
91,56,3
91,57,99
91,58,4
91,59,61
91,60,76
91,61,52
91,62,65
91,63,61
91,64,60
91,65,86
91,66,26
91,67,66
91,68,97
91,69,65
91,70,63
91,71,83
91,72,62
91,73,91
91,74,35
91,75,3
91,76,2
91,77,75
91,78,86
91,79,82
91,80,36
91,81,24
91,82,25
91,83,72
91,84,35
91,85,90
91,86,3
91,87,23
91,88,7
91,89,81
91,90,66
91,92,31
91,93,52
91,94,23
91,95,65
91,96,58
91,97,66
91,98,54
91,99,82
91,100,86
92,1,69
92,2,1
92,3,64
92,4,42
92,5,99
92,6,62
92,7,29
92,8,75
92,9,85
92,10,46
92,11,35
92,12,58
92,13,80
92,14,45
92,15,87
92,16,30
92,17,89
92,18,98
92,19,36
92,20,27
92,21,2
92,22,100
92,23,58
92,24,2
92,25,81
92,26,92
92,27,9
92,28,78
92,29,47
92,30,74
92,31,5
92,32,74
92,33,42
92,34,18
92,35,78
92,36,16
92,37,17
92,38,93
92,39,67
92,40,57
92,41,7
92,42,100
92,43,63
92,44,75
92,45,28
92,46,98
92,47,79
92,48,47
92,49,1
92,50,57
92,51,41
92,52,76
92,53,18
92,54,1
92,55,65
92,56,2
92,57,52
92,58,22
92,59,95
92,60,35
92,61,39
92,62,61
92,63,85
92,64,52
92,65,98
92,66,45
92,67,95
92,68,88
92,69,35
92,70,96
92,71,11
92,72,27
92,73,100
92,74,54
92,75,83
92,76,41
92,77,27
92,78,62
92,79,41
92,80,38
92,81,59
92,82,71
92,83,48
92,84,23
92,85,32
92,86,87
92,87,63
92,88,52
92,89,78
92,90,58
92,91,50
92,93,36
92,94,41
92,95,48
92,96,37
92,97,13
92,98,80
92,99,60
92,100,31
93,1,89
93,2,85
93,3,14
93,4,53
93,5,55
93,6,69
93,7,15
93,8,85
93,9,69
93,10,34
93,11,49
93,12,65
93,13,79
93,14,42
93,15,44
93,16,78
93,17,14
93,18,88
93,19,8
93,20,60
93,21,6
93,22,56
93,23,24
93,24,62
93,25,18
93,26,69
93,27,8
93,28,9
93,29,68
93,30,50
93,31,34
93,32,47
93,33,27
93,34,30
93,35,79
93,36,74
93,37,71
93,38,3
93,39,50
93,40,40
93,41,59
93,42,96
93,43,26
93,44,50
93,45,85
93,46,5
93,47,71
93,48,58
93,49,39
93,50,4
93,51,63
93,52,10
93,53,67
93,54,39
93,55,80
93,56,95
93,57,25
93,58,82
93,59,16
93,60,61
93,61,39
93,62,66
93,63,7
93,64,83
93,65,11
93,66,6
93,67,9
93,68,80
93,69,46
93,70,66
93,71,77
93,72,50
93,73,60
93,74,30
93,75,20
93,76,35
93,77,90
93,78,38
93,79,9
93,80,75
93,81,88
93,82,74
93,83,18
93,84,96
93,85,9
93,86,33
93,87,10
93,88,79
93,89,1
93,90,4
93,91,11
93,92,13
93,94,100
93,95,54
93,96,46
93,97,10
93,98,27
93,99,88
93,100,48
94,1,32
94,2,47
94,3,45
94,4,73
94,5,81
94,6,73
94,7,47
94,8,37
94,9,37
94,10,70
94,11,95
94,12,93
94,13,75
94,14,96
94,15,92
94,16,29
94,17,71
94,18,94
94,19,93
94,20,55
94,21,65
94,22,94
94,23,62
94,24,54
94,25,89
94,26,44
94,27,55
94,28,52
94,29,84
94,30,43
94,31,33
94,32,36
94,33,48
94,34,75
94,35,25
94,36,64
94,37,79
94,38,61
94,39,59
94,40,41
94,41,31
94,42,60
94,43,95
94,44,97
94,45,22
94,46,85
94,47,69
94,48,82
94,49,31
94,50,33
94,51,65
94,52,60
94,53,96
94,54,22
94,55,41
94,56,53
94,57,69
94,58,84
94,59,65
94,60,76
94,61,52
94,62,46
94,63,66
94,64,36
94,65,15
94,66,84
94,67,96
94,68,56
94,69,57
94,70,47
94,71,94
94,72,82
94,73,87
94,74,7
94,75,75
94,76,74
94,77,43
94,78,67
94,79,80
94,80,84
94,81,74
94,82,1
94,83,100
94,84,48
94,85,23
94,86,54
94,87,65
94,88,10
94,89,31
94,90,49
94,91,81
94,92,39
94,93,30
94,95,42
94,96,24
94,97,36
94,98,55
94,99,77
94,100,86
95,1,53
95,2,98
95,3,33
95,4,59
95,5,50
95,6,97
95,7,60
95,8,97
95,9,56
95,10,19
95,11,82
95,12,1
95,13,29
95,14,73
95,15,97
95,16,40
95,17,39
95,18,65
95,19,6
95,20,82
95,21,17
95,22,19
95,23,48
95,24,62
95,25,100
95,26,97
95,27,23
95,28,9
95,29,82
95,30,100
95,31,89
95,32,14
95,33,51
95,34,22
95,35,63
95,36,13
95,37,29
95,38,54
95,39,46
95,40,68
95,41,50
95,42,3
95,43,88
95,44,92
95,45,13
95,46,68
95,47,74
95,48,41
95,49,19
95,50,50
95,51,75
95,52,2
95,53,7
95,54,10
95,55,30
95,56,54
95,57,79
95,58,4
95,59,75
95,60,38
95,61,21
95,62,68
95,63,9
95,64,5
95,65,87
95,66,10
95,67,66
95,68,47
95,69,66
95,70,8
95,71,27
95,72,1
95,73,84
95,74,29
95,75,19
95,76,29
95,77,95
95,78,64
95,79,2
95,80,37
95,81,61
95,82,34
95,83,96
95,84,17
95,85,50
95,86,66
95,87,26
95,88,7
95,89,47
95,90,60
95,91,10
95,92,94
95,93,100
95,94,56
95,96,38
95,97,17
95,98,99
95,99,47
95,100,72
96,1,27
96,2,5
96,3,93
96,4,2
96,5,15
96,6,25
96,7,49
96,8,69
96,9,84
96,10,48
96,11,55
96,12,37
96,13,22
96,14,17
96,15,32
96,16,71
96,17,45
96,18,21
96,19,41
96,20,73
96,21,80
96,22,74
96,23,29
96,24,77
96,25,70
96,26,20
96,27,68
96,28,91
96,29,33
96,30,1
96,31,82
96,32,9
96,33,45
96,34,64
96,35,14
96,36,86
96,37,1
96,38,90
96,39,31
96,40,73
96,41,47
96,42,44
96,43,8
96,44,93
96,45,66
96,46,31
96,47,94
96,48,44
96,49,18
96,50,82
96,51,41
96,52,98
96,53,43
96,54,71
96,55,76
96,56,29
96,57,66
96,58,37
96,59,67
96,60,4
96,61,17
96,62,2
96,63,44
96,64,99
96,65,40
96,66,13
96,67,15
96,68,18
96,69,10
96,70,37
96,71,45
96,72,35
96,73,76
96,74,28
96,75,14
96,76,33
96,77,37
96,78,68
96,79,96
96,80,33
96,81,42
96,82,37
96,83,28
96,84,38
96,85,34
96,86,91
96,87,85
96,88,97
96,89,59
96,90,62
96,91,2
96,92,5
96,93,27
96,94,1
96,95,99
96,97,1
96,98,93
96,99,78
96,100,20
97,1,35
97,2,87
97,3,55
97,4,35
97,5,1
97,6,5
97,7,81
97,8,77
97,9,40
97,10,73
97,11,75
97,12,78
97,13,31
97,14,42
97,15,90
97,16,45
97,17,24
97,18,81
97,19,2
97,20,84
97,21,83
97,22,6
97,23,34
97,24,18
97,25,5
97,26,44
97,27,60
97,28,51
97,29,58
97,30,37
97,31,95
97,32,35
97,33,85
97,34,34
97,35,70
97,36,6
97,37,19
97,38,66
97,39,57
97,40,86
97,41,29
97,42,7
97,43,44
97,44,66
97,45,48
97,46,22
97,47,100
97,48,99
97,49,62
97,50,83
97,51,26
97,52,48
97,53,21
97,54,40
97,55,81
97,56,87
97,57,52
97,58,16
97,59,100
97,60,62
97,61,21
97,62,40
97,63,57
97,64,100
97,65,48
97,66,2
97,67,46
97,68,31
97,69,46
97,70,46
97,71,93
97,72,73
97,73,50
97,74,64
97,75,12
97,76,66
97,77,30
97,78,1
97,79,82
97,80,79
97,81,99
97,82,98
97,83,2
97,84,5
97,85,35
97,86,15
97,87,78
97,88,20
97,89,97
97,90,53
97,91,46
97,92,91
97,93,76
97,94,24
97,95,6
97,96,49
97,98,28
97,99,84
97,100,10
98,1,92
98,2,58
98,3,20
98,4,34
98,5,67
98,6,18
98,7,82
98,8,1
98,9,50
98,10,27
98,11,30
98,12,57
98,13,33
98,14,22
98,15,75
98,16,52
98,17,97
98,18,29
98,19,44
98,20,72
98,21,39
98,22,62
98,23,42
98,24,65
98,25,92
98,26,46
98,27,72
98,28,50
98,29,91
98,30,2
98,31,81
98,32,23
98,33,16
98,34,92
98,35,92
98,36,65
98,37,40
98,38,68
98,39,93
98,40,3
98,41,58
98,42,51
98,43,5
98,44,58
98,45,75
98,46,50
98,47,99
98,48,29
98,49,25
98,50,29
98,51,54
98,52,30
98,53,18
98,54,30
98,55,26
98,56,21
98,57,75
98,58,93
98,59,55
98,60,19
98,61,29
98,62,38
98,63,26
98,64,20
98,65,29
98,66,10
98,67,91
98,68,50
98,69,86
98,70,25
98,71,71
98,72,42
98,73,29
98,74,65
98,75,82
98,76,59
98,77,35
98,78,67
98,79,17
98,80,11
98,81,37
98,82,21
98,83,96
98,84,88
98,85,96
98,86,60
98,87,28
98,88,82
98,89,28
98,90,69
98,91,64
98,92,46
98,93,4
98,94,22
98,95,42
98,96,100
98,97,66
98,99,57
98,100,21
99,1,87
99,2,80
99,3,89
99,4,29
99,5,63
99,6,30
99,7,24
99,8,79
99,9,42
99,10,66
99,11,45
99,12,34
99,13,17
99,14,63
99,15,25
99,16,91
99,17,37
99,18,97
99,19,83
99,20,24
99,21,47
99,22,62
99,23,100
99,24,77
99,25,59
99,26,68
99,27,6
99,28,26
99,29,53
99,30,37
99,31,36
99,32,17
99,33,17
99,34,64
99,35,21
99,36,83
99,37,67
99,38,4
99,39,24
99,40,67
99,41,92
99,42,60
99,43,68
99,44,45
99,45,90
99,46,17
99,47,69
99,48,80
99,49,59
99,50,98
99,51,87
99,52,46
99,53,89
99,54,89
99,55,19
99,56,66
99,57,35
99,58,12
99,59,42
99,60,69
99,61,2
99,62,49
99,63,54
99,64,23
99,65,1
99,66,6
99,67,51
99,68,19
99,69,13
99,70,56
99,71,62
99,72,22
99,73,72
99,74,51
99,75,69
99,76,64
99,77,58
99,78,55
99,79,63
99,80,68
99,81,17
99,82,94
99,83,84
99,84,29
99,85,28
99,86,27
99,87,23
99,88,99
99,89,14
99,90,39
99,91,49
99,92,99
99,93,80
99,94,63
99,95,58
99,96,47
99,97,7
99,98,90
99,100,64
100,1,81
100,2,52
100,3,18
100,4,86
100,5,93
100,6,93
100,7,82
100,8,18
100,9,9
100,10,76
100,11,30
100,12,31
100,13,79
100,14,49
100,15,18
100,16,16
100,17,54
100,18,33
100,19,29
100,20,31
100,21,98
100,22,67
100,23,36
100,24,36
100,25,44
100,26,50
100,27,99
100,28,50
100,29,88
100,30,64
100,31,63
100,32,12
100,33,66
100,34,78
100,35,19
100,36,53
100,37,83
100,38,88
100,39,27
100,40,2
100,41,98
100,42,98
100,43,50
100,44,29
100,45,21
100,46,93
100,47,60
100,48,59
100,49,50
100,50,3
100,51,43
100,52,79
100,53,69
100,54,4
100,55,96
100,56,95
100,57,92
100,58,14
100,59,48
100,60,78
100,61,29
100,62,49
100,63,28
100,64,89
100,65,51
100,66,13
100,67,48
100,68,35
100,69,58
100,70,26
100,71,5
100,72,82
100,73,99
100,74,47
100,75,43
100,76,31
100,77,75
100,78,6
100,79,48
100,80,4
100,81,31
100,82,97
100,83,84
100,84,61
100,85,30
100,86,99
100,87,37
100,88,66
100,89,3
100,90,28
100,91,86
100,92,26
100,93,1
100,94,58
100,95,42
100,96,39
100,97,72
100,98,26
100,99,29
